,@frequency,provider_code,dataset_code,dataset_name,series_code,series_name,original_period,period,original_value,value,FREQ,REF_AREA,INDICATOR,Frequency,Reference Area,Indicator
0,monthly,IMF,CPI,Consumer Price Index (CPI),M.JP.PCPI_IX,"Monthly – Japan – Consumer Price Index, All items",1950-01,1950-01-01,NA,,M,JP,PCPI_IX,Monthly,Japan,"Consumer Price Index, All items"
1,monthly,IMF,CPI,Consumer Price Index (CPI),M.JP.PCPI_IX,"Monthly – Japan – Consumer Price Index, All items",1950-02,1950-02-01,NA,,M,JP,PCPI_IX,Monthly,Japan,"Consumer Price Index, All items"
2,monthly,IMF,CPI,Consumer Price Index (CPI),M.JP.PCPI_IX,"Monthly – Japan – Consumer Price Index, All items",1950-03,1950-03-01,NA,,M,JP,PCPI_IX,Monthly,Japan,"Consumer Price Index, All items"
3,monthly,IMF,CPI,Consumer Price Index (CPI),M.JP.PCPI_IX,"Monthly – Japan – Consumer Price Index, All items",1950-04,1950-04-01,NA,,M,JP,PCPI_IX,Monthly,Japan,"Consumer Price Index, All items"
4,monthly,IMF,CPI,Consumer Price Index (CPI),M.JP.PCPI_IX,"Monthly – Japan – Consumer Price Index, All items",1950-05,1950-05-01,NA,,M,JP,PCPI_IX,Monthly,Japan,"Consumer Price Index, All items"
5,monthly,IMF,CPI,Consumer Price Index (CPI),M.JP.PCPI_IX,"Monthly – Japan – Consumer Price Index, All items",1950-06,1950-06-01,NA,,M,JP,PCPI_IX,Monthly,Japan,"Consumer Price Index, All items"
6,monthly,IMF,CPI,Consumer Price Index (CPI),M.JP.PCPI_IX,"Monthly – Japan – Consumer Price Index, All items",1950-07,1950-07-01,NA,,M,JP,PCPI_IX,Monthly,Japan,"Consumer Price Index, All items"
7,monthly,IMF,CPI,Consumer Price Index (CPI),M.JP.PCPI_IX,"Monthly – Japan – Consumer Price Index, All items",1950-08,1950-08-01,NA,,M,JP,PCPI_IX,Monthly,Japan,"Consumer Price Index, All items"
8,monthly,IMF,CPI,Consumer Price Index (CPI),M.JP.PCPI_IX,"Monthly – Japan – Consumer Price Index, All items",1950-09,1950-09-01,NA,,M,JP,PCPI_IX,Monthly,Japan,"Consumer Price Index, All items"
9,monthly,IMF,CPI,Consumer Price Index (CPI),M.JP.PCPI_IX,"Monthly – Japan – Consumer Price Index, All items",1950-10,1950-10-01,NA,,M,JP,PCPI_IX,Monthly,Japan,"Consumer Price Index, All items"
10,monthly,IMF,CPI,Consumer Price Index (CPI),M.JP.PCPI_IX,"Monthly – Japan – Consumer Price Index, All items",1950-11,1950-11-01,NA,,M,JP,PCPI_IX,Monthly,Japan,"Consumer Price Index, All items"
11,monthly,IMF,CPI,Consumer Price Index (CPI),M.JP.PCPI_IX,"Monthly – Japan – Consumer Price Index, All items",1950-12,1950-12-01,NA,,M,JP,PCPI_IX,Monthly,Japan,"Consumer Price Index, All items"
12,monthly,IMF,CPI,Consumer Price Index (CPI),M.JP.PCPI_IX,"Monthly – Japan – Consumer Price Index, All items",1951-01,1951-01-01,NA,,M,JP,PCPI_IX,Monthly,Japan,"Consumer Price Index, All items"
13,monthly,IMF,CPI,Consumer Price Index (CPI),M.JP.PCPI_IX,"Monthly – Japan – Consumer Price Index, All items",1951-02,1951-02-01,NA,,M,JP,PCPI_IX,Monthly,Japan,"Consumer Price Index, All items"
14,monthly,IMF,CPI,Consumer Price Index (CPI),M.JP.PCPI_IX,"Monthly – Japan – Consumer Price Index, All items",1951-03,1951-03-01,NA,,M,JP,PCPI_IX,Monthly,Japan,"Consumer Price Index, All items"
15,monthly,IMF,CPI,Consumer Price Index (CPI),M.JP.PCPI_IX,"Monthly – Japan – Consumer Price Index, All items",1951-04,1951-04-01,NA,,M,JP,PCPI_IX,Monthly,Japan,"Consumer Price Index, All items"
16,monthly,IMF,CPI,Consumer Price Index (CPI),M.JP.PCPI_IX,"Monthly – Japan – Consumer Price Index, All items",1951-05,1951-05-01,NA,,M,JP,PCPI_IX,Monthly,Japan,"Consumer Price Index, All items"
17,monthly,IMF,CPI,Consumer Price Index (CPI),M.JP.PCPI_IX,"Monthly – Japan – Consumer Price Index, All items",1951-06,1951-06-01,NA,,M,JP,PCPI_IX,Monthly,Japan,"Consumer Price Index, All items"
18,monthly,IMF,CPI,Consumer Price Index (CPI),M.JP.PCPI_IX,"Monthly – Japan – Consumer Price Index, All items",1951-07,1951-07-01,NA,,M,JP,PCPI_IX,Monthly,Japan,"Consumer Price Index, All items"
19,monthly,IMF,CPI,Consumer Price Index (CPI),M.JP.PCPI_IX,"Monthly – Japan – Consumer Price Index, All items",1951-08,1951-08-01,NA,,M,JP,PCPI_IX,Monthly,Japan,"Consumer Price Index, All items"
20,monthly,IMF,CPI,Consumer Price Index (CPI),M.JP.PCPI_IX,"Monthly – Japan – Consumer Price Index, All items",1951-09,1951-09-01,NA,,M,JP,PCPI_IX,Monthly,Japan,"Consumer Price Index, All items"
21,monthly,IMF,CPI,Consumer Price Index (CPI),M.JP.PCPI_IX,"Monthly – Japan – Consumer Price Index, All items",1951-10,1951-10-01,NA,,M,JP,PCPI_IX,Monthly,Japan,"Consumer Price Index, All items"
22,monthly,IMF,CPI,Consumer Price Index (CPI),M.JP.PCPI_IX,"Monthly – Japan – Consumer Price Index, All items",1951-11,1951-11-01,NA,,M,JP,PCPI_IX,Monthly,Japan,"Consumer Price Index, All items"
23,monthly,IMF,CPI,Consumer Price Index (CPI),M.JP.PCPI_IX,"Monthly – Japan – Consumer Price Index, All items",1951-12,1951-12-01,NA,,M,JP,PCPI_IX,Monthly,Japan,"Consumer Price Index, All items"
24,monthly,IMF,CPI,Consumer Price Index (CPI),M.JP.PCPI_IX,"Monthly – Japan – Consumer Price Index, All items",1952-01,1952-01-01,NA,,M,JP,PCPI_IX,Monthly,Japan,"Consumer Price Index, All items"
25,monthly,IMF,CPI,Consumer Price Index (CPI),M.JP.PCPI_IX,"Monthly – Japan – Consumer Price Index, All items",1952-02,1952-02-01,NA,,M,JP,PCPI_IX,Monthly,Japan,"Consumer Price Index, All items"
26,monthly,IMF,CPI,Consumer Price Index (CPI),M.JP.PCPI_IX,"Monthly – Japan – Consumer Price Index, All items",1952-03,1952-03-01,NA,,M,JP,PCPI_IX,Monthly,Japan,"Consumer Price Index, All items"
27,monthly,IMF,CPI,Consumer Price Index (CPI),M.JP.PCPI_IX,"Monthly – Japan – Consumer Price Index, All items",1952-04,1952-04-01,NA,,M,JP,PCPI_IX,Monthly,Japan,"Consumer Price Index, All items"
28,monthly,IMF,CPI,Consumer Price Index (CPI),M.JP.PCPI_IX,"Monthly – Japan – Consumer Price Index, All items",1952-05,1952-05-01,NA,,M,JP,PCPI_IX,Monthly,Japan,"Consumer Price Index, All items"
29,monthly,IMF,CPI,Consumer Price Index (CPI),M.JP.PCPI_IX,"Monthly – Japan – Consumer Price Index, All items",1952-06,1952-06-01,NA,,M,JP,PCPI_IX,Monthly,Japan,"Consumer Price Index, All items"
30,monthly,IMF,CPI,Consumer Price Index (CPI),M.JP.PCPI_IX,"Monthly – Japan – Consumer Price Index, All items",1952-07,1952-07-01,NA,,M,JP,PCPI_IX,Monthly,Japan,"Consumer Price Index, All items"
31,monthly,IMF,CPI,Consumer Price Index (CPI),M.JP.PCPI_IX,"Monthly – Japan – Consumer Price Index, All items",1952-08,1952-08-01,NA,,M,JP,PCPI_IX,Monthly,Japan,"Consumer Price Index, All items"
32,monthly,IMF,CPI,Consumer Price Index (CPI),M.JP.PCPI_IX,"Monthly – Japan – Consumer Price Index, All items",1952-09,1952-09-01,NA,,M,JP,PCPI_IX,Monthly,Japan,"Consumer Price Index, All items"
33,monthly,IMF,CPI,Consumer Price Index (CPI),M.JP.PCPI_IX,"Monthly – Japan – Consumer Price Index, All items",1952-10,1952-10-01,NA,,M,JP,PCPI_IX,Monthly,Japan,"Consumer Price Index, All items"
34,monthly,IMF,CPI,Consumer Price Index (CPI),M.JP.PCPI_IX,"Monthly – Japan – Consumer Price Index, All items",1952-11,1952-11-01,NA,,M,JP,PCPI_IX,Monthly,Japan,"Consumer Price Index, All items"
35,monthly,IMF,CPI,Consumer Price Index (CPI),M.JP.PCPI_IX,"Monthly – Japan – Consumer Price Index, All items",1952-12,1952-12-01,NA,,M,JP,PCPI_IX,Monthly,Japan,"Consumer Price Index, All items"
36,monthly,IMF,CPI,Consumer Price Index (CPI),M.JP.PCPI_IX,"Monthly – Japan – Consumer Price Index, All items",1953-01,1953-01-01,NA,,M,JP,PCPI_IX,Monthly,Japan,"Consumer Price Index, All items"
37,monthly,IMF,CPI,Consumer Price Index (CPI),M.JP.PCPI_IX,"Monthly – Japan – Consumer Price Index, All items",1953-02,1953-02-01,NA,,M,JP,PCPI_IX,Monthly,Japan,"Consumer Price Index, All items"
38,monthly,IMF,CPI,Consumer Price Index (CPI),M.JP.PCPI_IX,"Monthly – Japan – Consumer Price Index, All items",1953-03,1953-03-01,NA,,M,JP,PCPI_IX,Monthly,Japan,"Consumer Price Index, All items"
39,monthly,IMF,CPI,Consumer Price Index (CPI),M.JP.PCPI_IX,"Monthly – Japan – Consumer Price Index, All items",1953-04,1953-04-01,NA,,M,JP,PCPI_IX,Monthly,Japan,"Consumer Price Index, All items"
40,monthly,IMF,CPI,Consumer Price Index (CPI),M.JP.PCPI_IX,"Monthly – Japan – Consumer Price Index, All items",1953-05,1953-05-01,NA,,M,JP,PCPI_IX,Monthly,Japan,"Consumer Price Index, All items"
41,monthly,IMF,CPI,Consumer Price Index (CPI),M.JP.PCPI_IX,"Monthly – Japan – Consumer Price Index, All items",1953-06,1953-06-01,NA,,M,JP,PCPI_IX,Monthly,Japan,"Consumer Price Index, All items"
42,monthly,IMF,CPI,Consumer Price Index (CPI),M.JP.PCPI_IX,"Monthly – Japan – Consumer Price Index, All items",1953-07,1953-07-01,NA,,M,JP,PCPI_IX,Monthly,Japan,"Consumer Price Index, All items"
43,monthly,IMF,CPI,Consumer Price Index (CPI),M.JP.PCPI_IX,"Monthly – Japan – Consumer Price Index, All items",1953-08,1953-08-01,NA,,M,JP,PCPI_IX,Monthly,Japan,"Consumer Price Index, All items"
44,monthly,IMF,CPI,Consumer Price Index (CPI),M.JP.PCPI_IX,"Monthly – Japan – Consumer Price Index, All items",1953-09,1953-09-01,NA,,M,JP,PCPI_IX,Monthly,Japan,"Consumer Price Index, All items"
45,monthly,IMF,CPI,Consumer Price Index (CPI),M.JP.PCPI_IX,"Monthly – Japan – Consumer Price Index, All items",1953-10,1953-10-01,NA,,M,JP,PCPI_IX,Monthly,Japan,"Consumer Price Index, All items"
46,monthly,IMF,CPI,Consumer Price Index (CPI),M.JP.PCPI_IX,"Monthly – Japan – Consumer Price Index, All items",1953-11,1953-11-01,NA,,M,JP,PCPI_IX,Monthly,Japan,"Consumer Price Index, All items"
47,monthly,IMF,CPI,Consumer Price Index (CPI),M.JP.PCPI_IX,"Monthly – Japan – Consumer Price Index, All items",1953-12,1953-12-01,NA,,M,JP,PCPI_IX,Monthly,Japan,"Consumer Price Index, All items"
48,monthly,IMF,CPI,Consumer Price Index (CPI),M.JP.PCPI_IX,"Monthly – Japan – Consumer Price Index, All items",1954-01,1954-01-01,NA,,M,JP,PCPI_IX,Monthly,Japan,"Consumer Price Index, All items"
49,monthly,IMF,CPI,Consumer Price Index (CPI),M.JP.PCPI_IX,"Monthly – Japan – Consumer Price Index, All items",1954-02,1954-02-01,NA,,M,JP,PCPI_IX,Monthly,Japan,"Consumer Price Index, All items"
50,monthly,IMF,CPI,Consumer Price Index (CPI),M.JP.PCPI_IX,"Monthly – Japan – Consumer Price Index, All items",1954-03,1954-03-01,NA,,M,JP,PCPI_IX,Monthly,Japan,"Consumer Price Index, All items"
51,monthly,IMF,CPI,Consumer Price Index (CPI),M.JP.PCPI_IX,"Monthly – Japan – Consumer Price Index, All items",1954-04,1954-04-01,NA,,M,JP,PCPI_IX,Monthly,Japan,"Consumer Price Index, All items"
52,monthly,IMF,CPI,Consumer Price Index (CPI),M.JP.PCPI_IX,"Monthly – Japan – Consumer Price Index, All items",1954-05,1954-05-01,NA,,M,JP,PCPI_IX,Monthly,Japan,"Consumer Price Index, All items"
53,monthly,IMF,CPI,Consumer Price Index (CPI),M.JP.PCPI_IX,"Monthly – Japan – Consumer Price Index, All items",1954-06,1954-06-01,NA,,M,JP,PCPI_IX,Monthly,Japan,"Consumer Price Index, All items"
54,monthly,IMF,CPI,Consumer Price Index (CPI),M.JP.PCPI_IX,"Monthly – Japan – Consumer Price Index, All items",1954-07,1954-07-01,NA,,M,JP,PCPI_IX,Monthly,Japan,"Consumer Price Index, All items"
55,monthly,IMF,CPI,Consumer Price Index (CPI),M.JP.PCPI_IX,"Monthly – Japan – Consumer Price Index, All items",1954-08,1954-08-01,NA,,M,JP,PCPI_IX,Monthly,Japan,"Consumer Price Index, All items"
56,monthly,IMF,CPI,Consumer Price Index (CPI),M.JP.PCPI_IX,"Monthly – Japan – Consumer Price Index, All items",1954-09,1954-09-01,NA,,M,JP,PCPI_IX,Monthly,Japan,"Consumer Price Index, All items"
57,monthly,IMF,CPI,Consumer Price Index (CPI),M.JP.PCPI_IX,"Monthly – Japan – Consumer Price Index, All items",1954-10,1954-10-01,NA,,M,JP,PCPI_IX,Monthly,Japan,"Consumer Price Index, All items"
58,monthly,IMF,CPI,Consumer Price Index (CPI),M.JP.PCPI_IX,"Monthly – Japan – Consumer Price Index, All items",1954-11,1954-11-01,NA,,M,JP,PCPI_IX,Monthly,Japan,"Consumer Price Index, All items"
59,monthly,IMF,CPI,Consumer Price Index (CPI),M.JP.PCPI_IX,"Monthly – Japan – Consumer Price Index, All items",1954-12,1954-12-01,NA,,M,JP,PCPI_IX,Monthly,Japan,"Consumer Price Index, All items"
60,monthly,IMF,CPI,Consumer Price Index (CPI),M.JP.PCPI_IX,"Monthly – Japan – Consumer Price Index, All items",1955-01,1955-01-01,16.7714855129534,16.7714855129534,M,JP,PCPI_IX,Monthly,Japan,"Consumer Price Index, All items"
61,monthly,IMF,CPI,Consumer Price Index (CPI),M.JP.PCPI_IX,"Monthly – Japan – Consumer Price Index, All items",1955-02,1955-02-01,16.7714855129534,16.7714855129534,M,JP,PCPI_IX,Monthly,Japan,"Consumer Price Index, All items"
62,monthly,IMF,CPI,Consumer Price Index (CPI),M.JP.PCPI_IX,"Monthly – Japan – Consumer Price Index, All items",1955-03,1955-03-01,16.6635117512953,16.6635117512953,M,JP,PCPI_IX,Monthly,Japan,"Consumer Price Index, All items"
63,monthly,IMF,CPI,Consumer Price Index (CPI),M.JP.PCPI_IX,"Monthly – Japan – Consumer Price Index, All items",1955-04,1955-04-01,16.8074800414508,16.8074800414508,M,JP,PCPI_IX,Monthly,Japan,"Consumer Price Index, All items"
64,monthly,IMF,CPI,Consumer Price Index (CPI),M.JP.PCPI_IX,"Monthly – Japan – Consumer Price Index, All items",1955-05,1955-05-01,16.6455243108808,16.6455243108808,M,JP,PCPI_IX,Monthly,Japan,"Consumer Price Index, All items"
65,monthly,IMF,CPI,Consumer Price Index (CPI),M.JP.PCPI_IX,"Monthly – Japan – Consumer Price Index, All items",1955-06,1955-06-01,16.6635117512953,16.6635117512953,M,JP,PCPI_IX,Monthly,Japan,"Consumer Price Index, All items"
66,monthly,IMF,CPI,Consumer Price Index (CPI),M.JP.PCPI_IX,"Monthly – Japan – Consumer Price Index, All items",1955-07,1955-07-01,16.5915325181347,16.5915325181347,M,JP,PCPI_IX,Monthly,Japan,"Consumer Price Index, All items"
67,monthly,IMF,CPI,Consumer Price Index (CPI),M.JP.PCPI_IX,"Monthly – Japan – Consumer Price Index, All items",1955-08,1955-08-01,16.6995062797928,16.6995062797928,M,JP,PCPI_IX,Monthly,Japan,"Consumer Price Index, All items"
68,monthly,IMF,CPI,Consumer Price Index (CPI),M.JP.PCPI_IX,"Monthly – Japan – Consumer Price Index, All items",1955-09,1955-09-01,16.7714855129534,16.7714855129534,M,JP,PCPI_IX,Monthly,Japan,"Consumer Price Index, All items"
69,monthly,IMF,CPI,Consumer Price Index (CPI),M.JP.PCPI_IX,"Monthly – Japan – Consumer Price Index, All items",1955-10,1955-10-01,16.8794592746114,16.8794592746114,M,JP,PCPI_IX,Monthly,Japan,"Consumer Price Index, All items"
70,monthly,IMF,CPI,Consumer Price Index (CPI),M.JP.PCPI_IX,"Monthly – Japan – Consumer Price Index, All items",1955-11,1955-11-01,16.4835587564767,16.4835587564767,M,JP,PCPI_IX,Monthly,Japan,"Consumer Price Index, All items"
71,monthly,IMF,CPI,Consumer Price Index (CPI),M.JP.PCPI_IX,"Monthly – Japan – Consumer Price Index, All items",1955-12,1955-12-01,16.4115795233161,16.4115795233161,M,JP,PCPI_IX,Monthly,Japan,"Consumer Price Index, All items"
72,monthly,IMF,CPI,Consumer Price Index (CPI),M.JP.PCPI_IX,"Monthly – Japan – Consumer Price Index, All items",1956-01,1956-01-01,16.5015560207254,16.5015560207254,M,JP,PCPI_IX,Monthly,Japan,"Consumer Price Index, All items"
73,monthly,IMF,CPI,Consumer Price Index (CPI),M.JP.PCPI_IX,"Monthly – Japan – Consumer Price Index, All items",1956-02,1956-02-01,16.6455243108808,16.6455243108808,M,JP,PCPI_IX,Monthly,Japan,"Consumer Price Index, All items"
74,monthly,IMF,CPI,Consumer Price Index (CPI),M.JP.PCPI_IX,"Monthly – Japan – Consumer Price Index, All items",1956-03,1956-03-01,16.681509015544,16.681509015544,M,JP,PCPI_IX,Monthly,Japan,"Consumer Price Index, All items"
75,monthly,IMF,CPI,Consumer Price Index (CPI),M.JP.PCPI_IX,"Monthly – Japan – Consumer Price Index, All items",1956-04,1956-04-01,16.7175035440414,16.7175035440414,M,JP,PCPI_IX,Monthly,Japan,"Consumer Price Index, All items"
76,monthly,IMF,CPI,Consumer Price Index (CPI),M.JP.PCPI_IX,"Monthly – Japan – Consumer Price Index, All items",1956-05,1956-05-01,16.6455243108808,16.6455243108808,M,JP,PCPI_IX,Monthly,Japan,"Consumer Price Index, All items"
77,monthly,IMF,CPI,Consumer Price Index (CPI),M.JP.PCPI_IX,"Monthly – Japan – Consumer Price Index, All items",1956-06,1956-06-01,16.9874232124352,16.9874232124352,M,JP,PCPI_IX,Monthly,Japan,"Consumer Price Index, All items"
78,monthly,IMF,CPI,Consumer Price Index (CPI),M.JP.PCPI_IX,"Monthly – Japan – Consumer Price Index, All items",1956-07,1956-07-01,16.6455243108808,16.6455243108808,M,JP,PCPI_IX,Monthly,Japan,"Consumer Price Index, All items"
79,monthly,IMF,CPI,Consumer Price Index (CPI),M.JP.PCPI_IX,"Monthly – Japan – Consumer Price Index, All items",1956-08,1956-08-01,16.735490984456,16.735490984456,M,JP,PCPI_IX,Monthly,Japan,"Consumer Price Index, All items"
80,monthly,IMF,CPI,Consumer Price Index (CPI),M.JP.PCPI_IX,"Monthly – Japan – Consumer Price Index, All items",1956-09,1956-09-01,16.8794592746114,16.8794592746114,M,JP,PCPI_IX,Monthly,Japan,"Consumer Price Index, All items"
81,monthly,IMF,CPI,Consumer Price Index (CPI),M.JP.PCPI_IX,"Monthly – Japan – Consumer Price Index, All items",1956-10,1956-10-01,16.9694357720207,16.9694357720207,M,JP,PCPI_IX,Monthly,Japan,"Consumer Price Index, All items"
82,monthly,IMF,CPI,Consumer Price Index (CPI),M.JP.PCPI_IX,"Monthly – Japan – Consumer Price Index, All items",1956-11,1956-11-01,16.681509015544,16.681509015544,M,JP,PCPI_IX,Monthly,Japan,"Consumer Price Index, All items"
83,monthly,IMF,CPI,Consumer Price Index (CPI),M.JP.PCPI_IX,"Monthly – Japan – Consumer Price Index, All items",1956-12,1956-12-01,16.8614620103627,16.8614620103627,M,JP,PCPI_IX,Monthly,Japan,"Consumer Price Index, All items"
84,monthly,IMF,CPI,Consumer Price Index (CPI),M.JP.PCPI_IX,"Monthly – Japan – Consumer Price Index, All items",1957-01,1957-01-01,17.0414150051813,17.0414150051813,M,JP,PCPI_IX,Monthly,Japan,"Consumer Price Index, All items"
85,monthly,IMF,CPI,Consumer Price Index (CPI),M.JP.PCPI_IX,"Monthly – Japan – Consumer Price Index, All items",1957-02,1957-02-01,17.0054204766839,17.0054204766839,M,JP,PCPI_IX,Monthly,Japan,"Consumer Price Index, All items"
86,monthly,IMF,CPI,Consumer Price Index (CPI),M.JP.PCPI_IX,"Monthly – Japan – Consumer Price Index, All items",1957-03,1957-03-01,17.0594122694301,17.0594122694301,M,JP,PCPI_IX,Monthly,Japan,"Consumer Price Index, All items"
87,monthly,IMF,CPI,Consumer Price Index (CPI),M.JP.PCPI_IX,"Monthly – Japan – Consumer Price Index, All items",1957-04,1957-04-01,17.1673762072539,17.1673762072539,M,JP,PCPI_IX,Monthly,Japan,"Consumer Price Index, All items"
88,monthly,IMF,CPI,Consumer Price Index (CPI),M.JP.PCPI_IX,"Monthly – Japan – Consumer Price Index, All items",1957-05,1957-05-01,17.3113346735751,17.3113346735751,M,JP,PCPI_IX,Monthly,Japan,"Consumer Price Index, All items"
89,monthly,IMF,CPI,Consumer Price Index (CPI),M.JP.PCPI_IX,"Monthly – Japan – Consumer Price Index, All items",1957-06,1957-06-01,17.2573527046632,17.2573527046632,M,JP,PCPI_IX,Monthly,Japan,"Consumer Price Index, All items"
90,monthly,IMF,CPI,Consumer Price Index (CPI),M.JP.PCPI_IX,"Monthly – Japan – Consumer Price Index, All items",1957-07,1957-07-01,17.4553029637306,17.4553029637306,M,JP,PCPI_IX,Monthly,Japan,"Consumer Price Index, All items"
91,monthly,IMF,CPI,Consumer Price Index (CPI),M.JP.PCPI_IX,"Monthly – Japan – Consumer Price Index, All items",1957-08,1957-08-01,17.5812641658031,17.5812641658031,M,JP,PCPI_IX,Monthly,Japan,"Consumer Price Index, All items"
92,monthly,IMF,CPI,Consumer Price Index (CPI),M.JP.PCPI_IX,"Monthly – Japan – Consumer Price Index, All items",1957-09,1957-09-01,17.4912876683938,17.4912876683938,M,JP,PCPI_IX,Monthly,Japan,"Consumer Price Index, All items"
93,monthly,IMF,CPI,Consumer Price Index (CPI),M.JP.PCPI_IX,"Monthly – Japan – Consumer Price Index, All items",1957-10,1957-10-01,17.4373056994819,17.4373056994819,M,JP,PCPI_IX,Monthly,Japan,"Consumer Price Index, All items"
94,monthly,IMF,CPI,Consumer Price Index (CPI),M.JP.PCPI_IX,"Monthly – Japan – Consumer Price Index, All items",1957-11,1957-11-01,17.2033707357513,17.2033707357513,M,JP,PCPI_IX,Monthly,Japan,"Consumer Price Index, All items"
95,monthly,IMF,CPI,Consumer Price Index (CPI),M.JP.PCPI_IX,"Monthly – Japan – Consumer Price Index, All items",1957-12,1957-12-01,17.1673762072539,17.1673762072539,M,JP,PCPI_IX,Monthly,Japan,"Consumer Price Index, All items"
96,monthly,IMF,CPI,Consumer Price Index (CPI),M.JP.PCPI_IX,"Monthly – Japan – Consumer Price Index, All items",1958-01,1958-01-01,17.2033707357513,17.2033707357513,M,JP,PCPI_IX,Monthly,Japan,"Consumer Price Index, All items"
97,monthly,IMF,CPI,Consumer Price Index (CPI),M.JP.PCPI_IX,"Monthly – Japan – Consumer Price Index, All items",1958-02,1958-02-01,17.0594122694301,17.0594122694301,M,JP,PCPI_IX,Monthly,Japan,"Consumer Price Index, All items"
98,monthly,IMF,CPI,Consumer Price Index (CPI),M.JP.PCPI_IX,"Monthly – Japan – Consumer Price Index, All items",1958-03,1958-03-01,16.9874232124352,16.9874232124352,M,JP,PCPI_IX,Monthly,Japan,"Consumer Price Index, All items"
99,monthly,IMF,CPI,Consumer Price Index (CPI),M.JP.PCPI_IX,"Monthly – Japan – Consumer Price Index, All items",1958-04,1958-04-01,17.0594122694301,17.0594122694301,M,JP,PCPI_IX,Monthly,Japan,"Consumer Price Index, All items"
100,monthly,IMF,CPI,Consumer Price Index (CPI),M.JP.PCPI_IX,"Monthly – Japan – Consumer Price Index, All items",1958-05,1958-05-01,17.0414150051813,17.0414150051813,M,JP,PCPI_IX,Monthly,Japan,"Consumer Price Index, All items"
101,monthly,IMF,CPI,Consumer Price Index (CPI),M.JP.PCPI_IX,"Monthly – Japan – Consumer Price Index, All items",1958-06,1958-06-01,17.2393554404145,17.2393554404145,M,JP,PCPI_IX,Monthly,Japan,"Consumer Price Index, All items"
102,monthly,IMF,CPI,Consumer Price Index (CPI),M.JP.PCPI_IX,"Monthly – Japan – Consumer Price Index, All items",1958-07,1958-07-01,17.1673762072539,17.1673762072539,M,JP,PCPI_IX,Monthly,Japan,"Consumer Price Index, All items"
103,monthly,IMF,CPI,Consumer Price Index (CPI),M.JP.PCPI_IX,"Monthly – Japan – Consumer Price Index, All items",1958-08,1958-08-01,17.3473292020725,17.3473292020725,M,JP,PCPI_IX,Monthly,Japan,"Consumer Price Index, All items"
104,monthly,IMF,CPI,Consumer Price Index (CPI),M.JP.PCPI_IX,"Monthly – Japan – Consumer Price Index, All items",1958-09,1958-09-01,17.2573527046632,17.2573527046632,M,JP,PCPI_IX,Monthly,Japan,"Consumer Price Index, All items"
105,monthly,IMF,CPI,Consumer Price Index (CPI),M.JP.PCPI_IX,"Monthly – Japan – Consumer Price Index, All items",1958-10,1958-10-01,17.4013209948187,17.4013209948187,M,JP,PCPI_IX,Monthly,Japan,"Consumer Price Index, All items"
106,monthly,IMF,CPI,Consumer Price Index (CPI),M.JP.PCPI_IX,"Monthly – Japan – Consumer Price Index, All items",1958-11,1958-11-01,17.221368,17.221368,M,JP,PCPI_IX,Monthly,Japan,"Consumer Price Index, All items"
107,monthly,IMF,CPI,Consumer Price Index (CPI),M.JP.PCPI_IX,"Monthly – Japan – Consumer Price Index, All items",1958-12,1958-12-01,17.2033707357513,17.2033707357513,M,JP,PCPI_IX,Monthly,Japan,"Consumer Price Index, All items"
108,monthly,IMF,CPI,Consumer Price Index (CPI),M.JP.PCPI_IX,"Monthly – Japan – Consumer Price Index, All items",1959-01,1959-01-01,17.221368,17.221368,M,JP,PCPI_IX,Monthly,Japan,"Consumer Price Index, All items"
109,monthly,IMF,CPI,Consumer Price Index (CPI),M.JP.PCPI_IX,"Monthly – Japan – Consumer Price Index, All items",1959-02,1959-02-01,17.1493789430052,17.1493789430052,M,JP,PCPI_IX,Monthly,Japan,"Consumer Price Index, All items"
110,monthly,IMF,CPI,Consumer Price Index (CPI),M.JP.PCPI_IX,"Monthly – Japan – Consumer Price Index, All items",1959-03,1959-03-01,17.2033707357513,17.2033707357513,M,JP,PCPI_IX,Monthly,Japan,"Consumer Price Index, All items"
111,monthly,IMF,CPI,Consumer Price Index (CPI),M.JP.PCPI_IX,"Monthly – Japan – Consumer Price Index, All items",1959-04,1959-04-01,17.2933472331606,17.2933472331606,M,JP,PCPI_IX,Monthly,Japan,"Consumer Price Index, All items"
112,monthly,IMF,CPI,Consumer Price Index (CPI),M.JP.PCPI_IX,"Monthly – Japan – Consumer Price Index, All items",1959-05,1959-05-01,17.1673762072539,17.1673762072539,M,JP,PCPI_IX,Monthly,Japan,"Consumer Price Index, All items"
113,monthly,IMF,CPI,Consumer Price Index (CPI),M.JP.PCPI_IX,"Monthly – Japan – Consumer Price Index, All items",1959-06,1959-06-01,17.2933472331606,17.2933472331606,M,JP,PCPI_IX,Monthly,Japan,"Consumer Price Index, All items"
114,monthly,IMF,CPI,Consumer Price Index (CPI),M.JP.PCPI_IX,"Monthly – Japan – Consumer Price Index, All items",1959-07,1959-07-01,17.3113346735751,17.3113346735751,M,JP,PCPI_IX,Monthly,Japan,"Consumer Price Index, All items"
115,monthly,IMF,CPI,Consumer Price Index (CPI),M.JP.PCPI_IX,"Monthly – Japan – Consumer Price Index, All items",1959-08,1959-08-01,17.5812641658031,17.5812641658031,M,JP,PCPI_IX,Monthly,Japan,"Consumer Price Index, All items"
116,monthly,IMF,CPI,Consumer Price Index (CPI),M.JP.PCPI_IX,"Monthly – Japan – Consumer Price Index, All items",1959-09,1959-09-01,17.4193084352332,17.4193084352332,M,JP,PCPI_IX,Monthly,Japan,"Consumer Price Index, All items"
117,monthly,IMF,CPI,Consumer Price Index (CPI),M.JP.PCPI_IX,"Monthly – Japan – Consumer Price Index, All items",1959-10,1959-10-01,17.6532433989637,17.6532433989637,M,JP,PCPI_IX,Monthly,Japan,"Consumer Price Index, All items"
118,monthly,IMF,CPI,Consumer Price Index (CPI),M.JP.PCPI_IX,"Monthly – Japan – Consumer Price Index, All items",1959-11,1959-11-01,17.5632767253886,17.5632767253886,M,JP,PCPI_IX,Monthly,Japan,"Consumer Price Index, All items"
119,monthly,IMF,CPI,Consumer Price Index (CPI),M.JP.PCPI_IX,"Monthly – Japan – Consumer Price Index, All items",1959-12,1959-12-01,17.5632767253886,17.5632767253886,M,JP,PCPI_IX,Monthly,Japan,"Consumer Price Index, All items"
120,monthly,IMF,CPI,Consumer Price Index (CPI),M.JP.PCPI_IX,"Monthly – Japan – Consumer Price Index, All items",1960-01,1960-01-01,17.7792144248705,17.7792144248705,M,JP,PCPI_IX,Monthly,Japan,"Consumer Price Index, All items"
121,monthly,IMF,CPI,Consumer Price Index (CPI),M.JP.PCPI_IX,"Monthly – Japan – Consumer Price Index, All items",1960-02,1960-02-01,17.7972116891192,17.7972116891192,M,JP,PCPI_IX,Monthly,Japan,"Consumer Price Index, All items"
122,monthly,IMF,CPI,Consumer Price Index (CPI),M.JP.PCPI_IX,"Monthly – Japan – Consumer Price Index, All items",1960-03,1960-03-01,17.7432198963731,17.7432198963731,M,JP,PCPI_IX,Monthly,Japan,"Consumer Price Index, All items"
123,monthly,IMF,CPI,Consumer Price Index (CPI),M.JP.PCPI_IX,"Monthly – Japan – Consumer Price Index, All items",1960-04,1960-04-01,17.8511936580311,17.8511936580311,M,JP,PCPI_IX,Monthly,Japan,"Consumer Price Index, All items"
124,monthly,IMF,CPI,Consumer Price Index (CPI),M.JP.PCPI_IX,"Monthly – Japan – Consumer Price Index, All items",1960-05,1960-05-01,18.013149388601,18.013149388601,M,JP,PCPI_IX,Monthly,Japan,"Consumer Price Index, All items"
125,monthly,IMF,CPI,Consumer Price Index (CPI),M.JP.PCPI_IX,"Monthly – Japan – Consumer Price Index, All items",1960-06,1960-06-01,17.9411701554404,17.9411701554404,M,JP,PCPI_IX,Monthly,Japan,"Consumer Price Index, All items"
126,monthly,IMF,CPI,Consumer Price Index (CPI),M.JP.PCPI_IX,"Monthly – Japan – Consumer Price Index, All items",1960-07,1960-07-01,17.9231728911917,17.9231728911917,M,JP,PCPI_IX,Monthly,Japan,"Consumer Price Index, All items"
127,monthly,IMF,CPI,Consumer Price Index (CPI),M.JP.PCPI_IX,"Monthly – Japan – Consumer Price Index, All items",1960-08,1960-08-01,18.0671313575129,18.0671313575129,M,JP,PCPI_IX,Monthly,Japan,"Consumer Price Index, All items"
128,monthly,IMF,CPI,Consumer Price Index (CPI),M.JP.PCPI_IX,"Monthly – Japan – Consumer Price Index, All items",1960-09,1960-09-01,18.2110996476684,18.2110996476684,M,JP,PCPI_IX,Monthly,Japan,"Consumer Price Index, All items"
129,monthly,IMF,CPI,Consumer Price Index (CPI),M.JP.PCPI_IX,"Monthly – Japan – Consumer Price Index, All items",1960-10,1960-10-01,18.3010761450777,18.3010761450777,M,JP,PCPI_IX,Monthly,Japan,"Consumer Price Index, All items"
130,monthly,IMF,CPI,Consumer Price Index (CPI),M.JP.PCPI_IX,"Monthly – Japan – Consumer Price Index, All items",1960-11,1960-11-01,18.0491439170985,18.0491439170985,M,JP,PCPI_IX,Monthly,Japan,"Consumer Price Index, All items"
131,monthly,IMF,CPI,Consumer Price Index (CPI),M.JP.PCPI_IX,"Monthly – Japan – Consumer Price Index, All items",1960-12,1960-12-01,18.1931023834197,18.1931023834197,M,JP,PCPI_IX,Monthly,Japan,"Consumer Price Index, All items"
132,monthly,IMF,CPI,Consumer Price Index (CPI),M.JP.PCPI_IX,"Monthly – Japan – Consumer Price Index, All items",1961-01,1961-01-01,18.445034611399,18.445034611399,M,JP,PCPI_IX,Monthly,Japan,"Consumer Price Index, All items"
133,monthly,IMF,CPI,Consumer Price Index (CPI),M.JP.PCPI_IX,"Monthly – Japan – Consumer Price Index, All items",1961-02,1961-02-01,18.5350111088083,18.5350111088083,M,JP,PCPI_IX,Monthly,Japan,"Consumer Price Index, All items"
134,monthly,IMF,CPI,Consumer Price Index (CPI),M.JP.PCPI_IX,"Monthly – Japan – Consumer Price Index, All items",1961-03,1961-03-01,18.4990165803109,18.4990165803109,M,JP,PCPI_IX,Monthly,Japan,"Consumer Price Index, All items"
135,monthly,IMF,CPI,Consumer Price Index (CPI),M.JP.PCPI_IX,"Monthly – Japan – Consumer Price Index, All items",1961-04,1961-04-01,18.6789695751295,18.6789695751295,M,JP,PCPI_IX,Monthly,Japan,"Consumer Price Index, All items"
136,monthly,IMF,CPI,Consumer Price Index (CPI),M.JP.PCPI_IX,"Monthly – Japan – Consumer Price Index, All items",1961-05,1961-05-01,18.5889930777202,18.5889930777202,M,JP,PCPI_IX,Monthly,Japan,"Consumer Price Index, All items"
137,monthly,IMF,CPI,Consumer Price Index (CPI),M.JP.PCPI_IX,"Monthly – Japan – Consumer Price Index, All items",1961-06,1961-06-01,18.5889930777202,18.5889930777202,M,JP,PCPI_IX,Monthly,Japan,"Consumer Price Index, All items"
138,monthly,IMF,CPI,Consumer Price Index (CPI),M.JP.PCPI_IX,"Monthly – Japan – Consumer Price Index, All items",1961-07,1961-07-01,18.8949170984456,18.8949170984456,M,JP,PCPI_IX,Monthly,Japan,"Consumer Price Index, All items"
139,monthly,IMF,CPI,Consumer Price Index (CPI),M.JP.PCPI_IX,"Monthly – Japan – Consumer Price Index, All items",1961-08,1961-08-01,19.0388755647668,19.0388755647668,M,JP,PCPI_IX,Monthly,Japan,"Consumer Price Index, All items"
140,monthly,IMF,CPI,Consumer Price Index (CPI),M.JP.PCPI_IX,"Monthly – Japan – Consumer Price Index, All items",1961-09,1961-09-01,19.1468493264249,19.1468493264249,M,JP,PCPI_IX,Monthly,Japan,"Consumer Price Index, All items"
141,monthly,IMF,CPI,Consumer Price Index (CPI),M.JP.PCPI_IX,"Monthly – Japan – Consumer Price Index, All items",1961-10,1961-10-01,19.5607372849741,19.5607372849741,M,JP,PCPI_IX,Monthly,Japan,"Consumer Price Index, All items"
142,monthly,IMF,CPI,Consumer Price Index (CPI),M.JP.PCPI_IX,"Monthly – Japan – Consumer Price Index, All items",1961-11,1961-11-01,19.6507137823834,19.6507137823834,M,JP,PCPI_IX,Monthly,Japan,"Consumer Price Index, All items"
143,monthly,IMF,CPI,Consumer Price Index (CPI),M.JP.PCPI_IX,"Monthly – Japan – Consumer Price Index, All items",1961-12,1961-12-01,19.8306667772021,19.8306667772021,M,JP,PCPI_IX,Monthly,Japan,"Consumer Price Index, All items"
144,monthly,IMF,CPI,Consumer Price Index (CPI),M.JP.PCPI_IX,"Monthly – Japan – Consumer Price Index, All items",1962-01,1962-01-01,19.9566279792746,19.9566279792746,M,JP,PCPI_IX,Monthly,Japan,"Consumer Price Index, All items"
145,monthly,IMF,CPI,Consumer Price Index (CPI),M.JP.PCPI_IX,"Monthly – Japan – Consumer Price Index, All items",1962-02,1962-02-01,19.884648746114,19.884648746114,M,JP,PCPI_IX,Monthly,Japan,"Consumer Price Index, All items"
146,monthly,IMF,CPI,Consumer Price Index (CPI),M.JP.PCPI_IX,"Monthly – Japan – Consumer Price Index, All items",1962-03,1962-03-01,19.9206334507772,19.9206334507772,M,JP,PCPI_IX,Monthly,Japan,"Consumer Price Index, All items"
147,monthly,IMF,CPI,Consumer Price Index (CPI),M.JP.PCPI_IX,"Monthly – Japan – Consumer Price Index, All items",1962-04,1962-04-01,20.1365809740933,20.1365809740933,M,JP,PCPI_IX,Monthly,Japan,"Consumer Price Index, All items"
148,monthly,IMF,CPI,Consumer Price Index (CPI),M.JP.PCPI_IX,"Monthly – Japan – Consumer Price Index, All items",1962-05,1962-05-01,20.2445547357513,20.2445547357513,M,JP,PCPI_IX,Monthly,Japan,"Consumer Price Index, All items"
149,monthly,IMF,CPI,Consumer Price Index (CPI),M.JP.PCPI_IX,"Monthly – Japan – Consumer Price Index, All items",1962-06,1962-06-01,20.1725656787565,20.1725656787565,M,JP,PCPI_IX,Monthly,Japan,"Consumer Price Index, All items"
150,monthly,IMF,CPI,Consumer Price Index (CPI),M.JP.PCPI_IX,"Monthly – Japan – Consumer Price Index, All items",1962-07,1962-07-01,20.3705159378238,20.3705159378238,M,JP,PCPI_IX,Monthly,Japan,"Consumer Price Index, All items"
151,monthly,IMF,CPI,Consumer Price Index (CPI),M.JP.PCPI_IX,"Monthly – Japan – Consumer Price Index, All items",1962-08,1962-08-01,20.3705159378238,20.3705159378238,M,JP,PCPI_IX,Monthly,Japan,"Consumer Price Index, All items"
152,monthly,IMF,CPI,Consumer Price Index (CPI),M.JP.PCPI_IX,"Monthly – Japan – Consumer Price Index, All items",1962-09,1962-09-01,20.2985367046632,20.2985367046632,M,JP,PCPI_IX,Monthly,Japan,"Consumer Price Index, All items"
153,monthly,IMF,CPI,Consumer Price Index (CPI),M.JP.PCPI_IX,"Monthly – Japan – Consumer Price Index, All items",1962-10,1962-10-01,20.4604924352332,20.4604924352332,M,JP,PCPI_IX,Monthly,Japan,"Consumer Price Index, All items"
154,monthly,IMF,CPI,Consumer Price Index (CPI),M.JP.PCPI_IX,"Monthly – Japan – Consumer Price Index, All items",1962-11,1962-11-01,20.3885132020725,20.3885132020725,M,JP,PCPI_IX,Monthly,Japan,"Consumer Price Index, All items"
155,monthly,IMF,CPI,Consumer Price Index (CPI),M.JP.PCPI_IX,"Monthly – Japan – Consumer Price Index, All items",1962-12,1962-12-01,20.8024011606218,20.8024011606218,M,JP,PCPI_IX,Monthly,Japan,"Consumer Price Index, All items"
156,monthly,IMF,CPI,Consumer Price Index (CPI),M.JP.PCPI_IX,"Monthly – Japan – Consumer Price Index, All items",1963-01,1963-01-01,21.1443098860104,21.1443098860104,M,JP,PCPI_IX,Monthly,Japan,"Consumer Price Index, All items"
157,monthly,IMF,CPI,Consumer Price Index (CPI),M.JP.PCPI_IX,"Monthly – Japan – Consumer Price Index, All items",1963-02,1963-02-01,21.2399842072539,21.2399842072539,M,JP,PCPI_IX,Monthly,Japan,"Consumer Price Index, All items"
158,monthly,IMF,CPI,Consumer Price Index (CPI),M.JP.PCPI_IX,"Monthly – Japan – Consumer Price Index, All items",1963-03,1963-03-01,21.3356585284974,21.3356585284974,M,JP,PCPI_IX,Monthly,Japan,"Consumer Price Index, All items"
159,monthly,IMF,CPI,Consumer Price Index (CPI),M.JP.PCPI_IX,"Monthly – Japan – Consumer Price Index, All items",1963-04,1963-04-01,21.4313328497409,21.4313328497409,M,JP,PCPI_IX,Monthly,Japan,"Consumer Price Index, All items"
160,monthly,IMF,CPI,Consumer Price Index (CPI),M.JP.PCPI_IX,"Monthly – Japan – Consumer Price Index, All items",1963-05,1963-05-01,21.5987702797927,21.5987702797927,M,JP,PCPI_IX,Monthly,Japan,"Consumer Price Index, All items"
161,monthly,IMF,CPI,Consumer Price Index (CPI),M.JP.PCPI_IX,"Monthly – Japan – Consumer Price Index, All items",1963-06,1963-06-01,21.7661978860104,21.7661978860104,M,JP,PCPI_IX,Monthly,Japan,"Consumer Price Index, All items"
162,monthly,IMF,CPI,Consumer Price Index (CPI),M.JP.PCPI_IX,"Monthly – Japan – Consumer Price Index, All items",1963-07,1963-07-01,21.6226913160622,21.6226913160622,M,JP,PCPI_IX,Monthly,Japan,"Consumer Price Index, All items"
163,monthly,IMF,CPI,Consumer Price Index (CPI),M.JP.PCPI_IX,"Monthly – Japan – Consumer Price Index, All items",1963-08,1963-08-01,21.5509282072539,21.5509282072539,M,JP,PCPI_IX,Monthly,Japan,"Consumer Price Index, All items"
164,monthly,IMF,CPI,Consumer Price Index (CPI),M.JP.PCPI_IX,"Monthly – Japan – Consumer Price Index, All items",1963-09,1963-09-01,21.9814675647668,21.9814675647668,M,JP,PCPI_IX,Monthly,Japan,"Consumer Price Index, All items"
165,monthly,IMF,CPI,Consumer Price Index (CPI),M.JP.PCPI_IX,"Monthly – Japan – Consumer Price Index, All items",1963-10,1963-10-01,21.9097142797928,21.9097142797928,M,JP,PCPI_IX,Monthly,Japan,"Consumer Price Index, All items"
166,monthly,IMF,CPI,Consumer Price Index (CPI),M.JP.PCPI_IX,"Monthly – Japan – Consumer Price Index, All items",1963-11,1963-11-01,21.8140399585492,21.8140399585492,M,JP,PCPI_IX,Monthly,Japan,"Consumer Price Index, All items"
167,monthly,IMF,CPI,Consumer Price Index (CPI),M.JP.PCPI_IX,"Monthly – Japan – Consumer Price Index, All items",1963-12,1963-12-01,21.9097142797928,21.9097142797928,M,JP,PCPI_IX,Monthly,Japan,"Consumer Price Index, All items"
168,monthly,IMF,CPI,Consumer Price Index (CPI),M.JP.PCPI_IX,"Monthly – Japan – Consumer Price Index, All items",1964-01,1964-01-01,21.9336353160622,21.9336353160622,M,JP,PCPI_IX,Monthly,Japan,"Consumer Price Index, All items"
169,monthly,IMF,CPI,Consumer Price Index (CPI),M.JP.PCPI_IX,"Monthly – Japan – Consumer Price Index, All items",1964-02,1964-02-01,21.9097142797928,21.9097142797928,M,JP,PCPI_IX,Monthly,Japan,"Consumer Price Index, All items"
170,monthly,IMF,CPI,Consumer Price Index (CPI),M.JP.PCPI_IX,"Monthly – Japan – Consumer Price Index, All items",1964-03,1964-03-01,22.0053886010363,22.0053886010363,M,JP,PCPI_IX,Monthly,Japan,"Consumer Price Index, All items"
171,monthly,IMF,CPI,Consumer Price Index (CPI),M.JP.PCPI_IX,"Monthly – Japan – Consumer Price Index, All items",1964-04,1964-04-01,22.2685003523316,22.2685003523316,M,JP,PCPI_IX,Monthly,Japan,"Consumer Price Index, All items"
172,monthly,IMF,CPI,Consumer Price Index (CPI),M.JP.PCPI_IX,"Monthly – Japan – Consumer Price Index, All items",1964-05,1964-05-01,22.3641746735751,22.3641746735751,M,JP,PCPI_IX,Monthly,Japan,"Consumer Price Index, All items"
173,monthly,IMF,CPI,Consumer Price Index (CPI),M.JP.PCPI_IX,"Monthly – Japan – Consumer Price Index, All items",1964-06,1964-06-01,22.3163326010363,22.3163326010363,M,JP,PCPI_IX,Monthly,Japan,"Consumer Price Index, All items"
174,monthly,IMF,CPI,Consumer Price Index (CPI),M.JP.PCPI_IX,"Monthly – Japan – Consumer Price Index, All items",1964-07,1964-07-01,22.1967372435233,22.1967372435233,M,JP,PCPI_IX,Monthly,Japan,"Consumer Price Index, All items"
175,monthly,IMF,CPI,Consumer Price Index (CPI),M.JP.PCPI_IX,"Monthly – Japan – Consumer Price Index, All items",1964-08,1964-08-01,22.4359279585492,22.4359279585492,M,JP,PCPI_IX,Monthly,Japan,"Consumer Price Index, All items"
176,monthly,IMF,CPI,Consumer Price Index (CPI),M.JP.PCPI_IX,"Monthly – Japan – Consumer Price Index, All items",1964-09,1964-09-01,22.7229509222798,22.7229509222798,M,JP,PCPI_IX,Monthly,Japan,"Consumer Price Index, All items"
177,monthly,IMF,CPI,Consumer Price Index (CPI),M.JP.PCPI_IX,"Monthly – Japan – Consumer Price Index, All items",1964-10,1964-10-01,23.1295790673575,23.1295790673575,M,JP,PCPI_IX,Monthly,Japan,"Consumer Price Index, All items"
178,monthly,IMF,CPI,Consumer Price Index (CPI),M.JP.PCPI_IX,"Monthly – Japan – Consumer Price Index, All items",1964-11,1964-11-01,22.9382304248705,22.9382304248705,M,JP,PCPI_IX,Monthly,Japan,"Consumer Price Index, All items"
179,monthly,IMF,CPI,Consumer Price Index (CPI),M.JP.PCPI_IX,"Monthly – Japan – Consumer Price Index, All items",1964-12,1964-12-01,22.9382304248705,22.9382304248705,M,JP,PCPI_IX,Monthly,Japan,"Consumer Price Index, All items"
180,monthly,IMF,CPI,Consumer Price Index (CPI),M.JP.PCPI_IX,"Monthly – Japan – Consumer Price Index, All items",1965-01,1965-01-01,23.4405230673575,23.4405230673575,M,JP,PCPI_IX,Monthly,Japan,"Consumer Price Index, All items"
181,monthly,IMF,CPI,Consumer Price Index (CPI),M.JP.PCPI_IX,"Monthly – Japan – Consumer Price Index, All items",1965-02,1965-02-01,23.3926809948187,23.3926809948187,M,JP,PCPI_IX,Monthly,Japan,"Consumer Price Index, All items"
182,monthly,IMF,CPI,Consumer Price Index (CPI),M.JP.PCPI_IX,"Monthly – Japan – Consumer Price Index, All items",1965-03,1965-03-01,23.536197388601,23.536197388601,M,JP,PCPI_IX,Monthly,Japan,"Consumer Price Index, All items"
183,monthly,IMF,CPI,Consumer Price Index (CPI),M.JP.PCPI_IX,"Monthly – Japan – Consumer Price Index, All items",1965-04,1965-04-01,24.0384900310881,24.0384900310881,M,JP,PCPI_IX,Monthly,Japan,"Consumer Price Index, All items"
184,monthly,IMF,CPI,Consumer Price Index (CPI),M.JP.PCPI_IX,"Monthly – Japan – Consumer Price Index, All items",1965-05,1965-05-01,23.8949834611399,23.8949834611399,M,JP,PCPI_IX,Monthly,Japan,"Consumer Price Index, All items"
185,monthly,IMF,CPI,Consumer Price Index (CPI),M.JP.PCPI_IX,"Monthly – Japan – Consumer Price Index, All items",1965-06,1965-06-01,23.847141388601,23.847141388601,M,JP,PCPI_IX,Monthly,Japan,"Consumer Price Index, All items"
186,monthly,IMF,CPI,Consumer Price Index (CPI),M.JP.PCPI_IX,"Monthly – Japan – Consumer Price Index, All items",1965-07,1965-07-01,23.7275460310881,23.7275460310881,M,JP,PCPI_IX,Monthly,Japan,"Consumer Price Index, All items"
187,monthly,IMF,CPI,Consumer Price Index (CPI),M.JP.PCPI_IX,"Monthly – Japan – Consumer Price Index, All items",1965-08,1965-08-01,23.847141388601,23.847141388601,M,JP,PCPI_IX,Monthly,Japan,"Consumer Price Index, All items"
188,monthly,IMF,CPI,Consumer Price Index (CPI),M.JP.PCPI_IX,"Monthly – Japan – Consumer Price Index, All items",1965-09,1965-09-01,24.1820064248705,24.1820064248705,M,JP,PCPI_IX,Monthly,Japan,"Consumer Price Index, All items"
189,monthly,IMF,CPI,Consumer Price Index (CPI),M.JP.PCPI_IX,"Monthly – Japan – Consumer Price Index, All items",1965-10,1965-10-01,24.4929504248705,24.4929504248705,M,JP,PCPI_IX,Monthly,Japan,"Consumer Price Index, All items"
190,monthly,IMF,CPI,Consumer Price Index (CPI),M.JP.PCPI_IX,"Monthly – Japan – Consumer Price Index, All items",1965-11,1965-11-01,24.2537695336788,24.2537695336788,M,JP,PCPI_IX,Monthly,Japan,"Consumer Price Index, All items"
191,monthly,IMF,CPI,Consumer Price Index (CPI),M.JP.PCPI_IX,"Monthly – Japan – Consumer Price Index, All items",1965-12,1965-12-01,24.4211971398964,24.4211971398964,M,JP,PCPI_IX,Monthly,Japan,"Consumer Price Index, All items"
192,monthly,IMF,CPI,Consumer Price Index (CPI),M.JP.PCPI_IX,"Monthly – Japan – Consumer Price Index, All items",1966-01,1966-01-01,24.6603878549223,24.6603878549223,M,JP,PCPI_IX,Monthly,Japan,"Consumer Price Index, All items"
193,monthly,IMF,CPI,Consumer Price Index (CPI),M.JP.PCPI_IX,"Monthly – Japan – Consumer Price Index, All items",1966-02,1966-02-01,24.8517364974093,24.8517364974093,M,JP,PCPI_IX,Monthly,Japan,"Consumer Price Index, All items"
194,monthly,IMF,CPI,Consumer Price Index (CPI),M.JP.PCPI_IX,"Monthly – Japan – Consumer Price Index, All items",1966-03,1966-03-01,24.9474108186528,24.9474108186528,M,JP,PCPI_IX,Monthly,Japan,"Consumer Price Index, All items"
195,monthly,IMF,CPI,Consumer Price Index (CPI),M.JP.PCPI_IX,"Monthly – Japan – Consumer Price Index, All items",1966-04,1966-04-01,25.2344436062176,25.2344436062176,M,JP,PCPI_IX,Monthly,Japan,"Consumer Price Index, All items"
196,monthly,IMF,CPI,Consumer Price Index (CPI),M.JP.PCPI_IX,"Monthly – Japan – Consumer Price Index, All items",1966-05,1966-05-01,25.0670061761658,25.0670061761658,M,JP,PCPI_IX,Monthly,Japan,"Consumer Price Index, All items"
197,monthly,IMF,CPI,Consumer Price Index (CPI),M.JP.PCPI_IX,"Monthly – Japan – Consumer Price Index, All items",1966-06,1966-06-01,25.1148482487047,25.1148482487047,M,JP,PCPI_IX,Monthly,Japan,"Consumer Price Index, All items"
198,monthly,IMF,CPI,Consumer Price Index (CPI),M.JP.PCPI_IX,"Monthly – Japan – Consumer Price Index, All items",1966-07,1966-07-01,25.1866015336788,25.1866015336788,M,JP,PCPI_IX,Monthly,Japan,"Consumer Price Index, All items"
199,monthly,IMF,CPI,Consumer Price Index (CPI),M.JP.PCPI_IX,"Monthly – Japan – Consumer Price Index, All items",1966-08,1966-08-01,24.9952528911917,24.9952528911917,M,JP,PCPI_IX,Monthly,Japan,"Consumer Price Index, All items"
200,monthly,IMF,CPI,Consumer Price Index (CPI),M.JP.PCPI_IX,"Monthly – Japan – Consumer Price Index, All items",1966-09,1966-09-01,25.2822758549223,25.2822758549223,M,JP,PCPI_IX,Monthly,Japan,"Consumer Price Index, All items"
201,monthly,IMF,CPI,Consumer Price Index (CPI),M.JP.PCPI_IX,"Monthly – Japan – Consumer Price Index, All items",1966-10,1966-10-01,25.4497132849741,25.4497132849741,M,JP,PCPI_IX,Monthly,Japan,"Consumer Price Index, All items"
202,monthly,IMF,CPI,Consumer Price Index (CPI),M.JP.PCPI_IX,"Monthly – Japan – Consumer Price Index, All items",1966-11,1966-11-01,25.2583548186529,25.2583548186529,M,JP,PCPI_IX,Monthly,Japan,"Consumer Price Index, All items"
203,monthly,IMF,CPI,Consumer Price Index (CPI),M.JP.PCPI_IX,"Monthly – Japan – Consumer Price Index, All items",1966-12,1966-12-01,25.4975455336788,25.4975455336788,M,JP,PCPI_IX,Monthly,Japan,"Consumer Price Index, All items"
204,monthly,IMF,CPI,Consumer Price Index (CPI),M.JP.PCPI_IX,"Monthly – Japan – Consumer Price Index, All items",1967-01,1967-01-01,25.7845783212435,25.7845783212435,M,JP,PCPI_IX,Monthly,Japan,"Consumer Price Index, All items"
205,monthly,IMF,CPI,Consumer Price Index (CPI),M.JP.PCPI_IX,"Monthly – Japan – Consumer Price Index, All items",1967-02,1967-02-01,25.9041736787565,25.9041736787565,M,JP,PCPI_IX,Monthly,Japan,"Consumer Price Index, All items"
206,monthly,IMF,CPI,Consumer Price Index (CPI),M.JP.PCPI_IX,"Monthly – Japan – Consumer Price Index, All items",1967-03,1967-03-01,25.9520059274611,25.9520059274611,M,JP,PCPI_IX,Monthly,Japan,"Consumer Price Index, All items"
207,monthly,IMF,CPI,Consumer Price Index (CPI),M.JP.PCPI_IX,"Monthly – Japan – Consumer Price Index, All items",1967-04,1967-04-01,26.0237592124352,26.0237592124352,M,JP,PCPI_IX,Monthly,Japan,"Consumer Price Index, All items"
208,monthly,IMF,CPI,Consumer Price Index (CPI),M.JP.PCPI_IX,"Monthly – Japan – Consumer Price Index, All items",1967-05,1967-05-01,25.8563316062176,25.8563316062176,M,JP,PCPI_IX,Monthly,Japan,"Consumer Price Index, All items"
209,monthly,IMF,CPI,Consumer Price Index (CPI),M.JP.PCPI_IX,"Monthly – Japan – Consumer Price Index, All items",1967-06,1967-06-01,25.7128152124352,25.7128152124352,M,JP,PCPI_IX,Monthly,Japan,"Consumer Price Index, All items"
210,monthly,IMF,CPI,Consumer Price Index (CPI),M.JP.PCPI_IX,"Monthly – Japan – Consumer Price Index, All items",1967-07,1967-07-01,25.6888941761658,25.6888941761658,M,JP,PCPI_IX,Monthly,Japan,"Consumer Price Index, All items"
211,monthly,IMF,CPI,Consumer Price Index (CPI),M.JP.PCPI_IX,"Monthly – Japan – Consumer Price Index, All items",1967-08,1967-08-01,25.9041736787565,25.9041736787565,M,JP,PCPI_IX,Monthly,Japan,"Consumer Price Index, All items"
212,monthly,IMF,CPI,Consumer Price Index (CPI),M.JP.PCPI_IX,"Monthly – Japan – Consumer Price Index, All items",1967-09,1967-09-01,26.310792,26.310792,M,JP,PCPI_IX,Monthly,Japan,"Consumer Price Index, All items"
213,monthly,IMF,CPI,Consumer Price Index (CPI),M.JP.PCPI_IX,"Monthly – Japan – Consumer Price Index, All items",1967-10,1967-10-01,26.7652523937824,26.7652523937824,M,JP,PCPI_IX,Monthly,Japan,"Consumer Price Index, All items"
214,monthly,IMF,CPI,Consumer Price Index (CPI),M.JP.PCPI_IX,"Monthly – Japan – Consumer Price Index, All items",1967-11,1967-11-01,26.741331357513,26.741331357513,M,JP,PCPI_IX,Monthly,Japan,"Consumer Price Index, All items"
215,monthly,IMF,CPI,Consumer Price Index (CPI),M.JP.PCPI_IX,"Monthly – Japan – Consumer Price Index, All items",1967-12,1967-12-01,26.93268,26.93268,M,JP,PCPI_IX,Monthly,Japan,"Consumer Price Index, All items"
216,monthly,IMF,CPI,Consumer Price Index (CPI),M.JP.PCPI_IX,"Monthly – Japan – Consumer Price Index, All items",1968-01,1968-01-01,27.1479496787565,27.1479496787565,M,JP,PCPI_IX,Monthly,Japan,"Consumer Price Index, All items"
217,monthly,IMF,CPI,Consumer Price Index (CPI),M.JP.PCPI_IX,"Monthly – Japan – Consumer Price Index, All items",1968-02,1968-02-01,27.2675450362694,27.2675450362694,M,JP,PCPI_IX,Monthly,Japan,"Consumer Price Index, All items"
218,monthly,IMF,CPI,Consumer Price Index (CPI),M.JP.PCPI_IX,"Monthly – Japan – Consumer Price Index, All items",1968-03,1968-03-01,27.3153871088083,27.3153871088083,M,JP,PCPI_IX,Monthly,Japan,"Consumer Price Index, All items"
219,monthly,IMF,CPI,Consumer Price Index (CPI),M.JP.PCPI_IX,"Monthly – Japan – Consumer Price Index, All items",1968-04,1968-04-01,27.3871403937824,27.3871403937824,M,JP,PCPI_IX,Monthly,Japan,"Consumer Price Index, All items"
220,monthly,IMF,CPI,Consumer Price Index (CPI),M.JP.PCPI_IX,"Monthly – Japan – Consumer Price Index, All items",1968-05,1968-05-01,27.3871403937824,27.3871403937824,M,JP,PCPI_IX,Monthly,Japan,"Consumer Price Index, All items"
221,monthly,IMF,CPI,Consumer Price Index (CPI),M.JP.PCPI_IX,"Monthly – Japan – Consumer Price Index, All items",1968-06,1968-06-01,27.1479496787565,27.1479496787565,M,JP,PCPI_IX,Monthly,Japan,"Consumer Price Index, All items"
222,monthly,IMF,CPI,Consumer Price Index (CPI),M.JP.PCPI_IX,"Monthly – Japan – Consumer Price Index, All items",1968-07,1968-07-01,27.1479496787565,27.1479496787565,M,JP,PCPI_IX,Monthly,Japan,"Consumer Price Index, All items"
223,monthly,IMF,CPI,Consumer Price Index (CPI),M.JP.PCPI_IX,"Monthly – Japan – Consumer Price Index, All items",1968-08,1968-08-01,27.3871403937824,27.3871403937824,M,JP,PCPI_IX,Monthly,Japan,"Consumer Price Index, All items"
224,monthly,IMF,CPI,Consumer Price Index (CPI),M.JP.PCPI_IX,"Monthly – Japan – Consumer Price Index, All items",1968-09,1968-09-01,28.0090283937824,28.0090283937824,M,JP,PCPI_IX,Monthly,Japan,"Consumer Price Index, All items"
225,monthly,IMF,CPI,Consumer Price Index (CPI),M.JP.PCPI_IX,"Monthly – Japan – Consumer Price Index, All items",1968-10,1968-10-01,28.0329494300518,28.0329494300518,M,JP,PCPI_IX,Monthly,Japan,"Consumer Price Index, All items"
226,monthly,IMF,CPI,Consumer Price Index (CPI),M.JP.PCPI_IX,"Monthly – Japan – Consumer Price Index, All items",1968-11,1968-11-01,28.1047125388601,28.1047125388601,M,JP,PCPI_IX,Monthly,Japan,"Consumer Price Index, All items"
227,monthly,IMF,CPI,Consumer Price Index (CPI),M.JP.PCPI_IX,"Monthly – Japan – Consumer Price Index, All items",1968-12,1968-12-01,27.9851171813471,27.9851171813471,M,JP,PCPI_IX,Monthly,Japan,"Consumer Price Index, All items"
228,monthly,IMF,CPI,Consumer Price Index (CPI),M.JP.PCPI_IX,"Monthly – Japan – Consumer Price Index, All items",1969-01,1969-01-01,28.0807915025907,28.0807915025907,M,JP,PCPI_IX,Monthly,Japan,"Consumer Price Index, All items"
229,monthly,IMF,CPI,Consumer Price Index (CPI),M.JP.PCPI_IX,"Monthly – Japan – Consumer Price Index, All items",1969-02,1969-02-01,28.0807915025907,28.0807915025907,M,JP,PCPI_IX,Monthly,Japan,"Consumer Price Index, All items"
230,monthly,IMF,CPI,Consumer Price Index (CPI),M.JP.PCPI_IX,"Monthly – Japan – Consumer Price Index, All items",1969-03,1969-03-01,28.3678144663212,28.3678144663212,M,JP,PCPI_IX,Monthly,Japan,"Consumer Price Index, All items"
231,monthly,IMF,CPI,Consumer Price Index (CPI),M.JP.PCPI_IX,"Monthly – Japan – Consumer Price Index, All items",1969-04,1969-04-01,28.654847253886,28.654847253886,M,JP,PCPI_IX,Monthly,Japan,"Consumer Price Index, All items"
232,monthly,IMF,CPI,Consumer Price Index (CPI),M.JP.PCPI_IX,"Monthly – Japan – Consumer Price Index, All items",1969-05,1969-05-01,28.6787584663212,28.6787584663212,M,JP,PCPI_IX,Monthly,Japan,"Consumer Price Index, All items"
233,monthly,IMF,CPI,Consumer Price Index (CPI),M.JP.PCPI_IX,"Monthly – Japan – Consumer Price Index, All items",1969-06,1969-06-01,28.7266005388601,28.7266005388601,M,JP,PCPI_IX,Monthly,Japan,"Consumer Price Index, All items"
234,monthly,IMF,CPI,Consumer Price Index (CPI),M.JP.PCPI_IX,"Monthly – Japan – Consumer Price Index, All items",1969-07,1969-07-01,29.085386611399,29.085386611399,M,JP,PCPI_IX,Monthly,Japan,"Consumer Price Index, All items"
235,monthly,IMF,CPI,Consumer Price Index (CPI),M.JP.PCPI_IX,"Monthly – Japan – Consumer Price Index, All items",1969-08,1969-08-01,29.3484885388601,29.3484885388601,M,JP,PCPI_IX,Monthly,Japan,"Consumer Price Index, All items"
236,monthly,IMF,CPI,Consumer Price Index (CPI),M.JP.PCPI_IX,"Monthly – Japan – Consumer Price Index, All items",1969-09,1969-09-01,29.5637582176166,29.5637582176166,M,JP,PCPI_IX,Monthly,Japan,"Consumer Price Index, All items"
237,monthly,IMF,CPI,Consumer Price Index (CPI),M.JP.PCPI_IX,"Monthly – Japan – Consumer Price Index, All items",1969-10,1969-10-01,29.707274611399,29.707274611399,M,JP,PCPI_IX,Monthly,Japan,"Consumer Price Index, All items"
238,monthly,IMF,CPI,Consumer Price Index (CPI),M.JP.PCPI_IX,"Monthly – Japan – Consumer Price Index, All items",1969-11,1969-11-01,29.587679253886,29.587679253886,M,JP,PCPI_IX,Monthly,Japan,"Consumer Price Index, All items"
239,monthly,IMF,CPI,Consumer Price Index (CPI),M.JP.PCPI_IX,"Monthly – Japan – Consumer Price Index, All items",1969-12,1969-12-01,29.7790278963731,29.7790278963731,M,JP,PCPI_IX,Monthly,Japan,"Consumer Price Index, All items"
240,monthly,IMF,CPI,Consumer Price Index (CPI),M.JP.PCPI_IX,"Monthly – Japan – Consumer Price Index, All items",1970-01,1970-01-01,30.2574093264249,30.2574093264249,M,JP,PCPI_IX,Monthly,Japan,"Consumer Price Index, All items"
241,monthly,IMF,CPI,Consumer Price Index (CPI),M.JP.PCPI_IX,"Monthly – Japan – Consumer Price Index, All items",1970-02,1970-02-01,30.3556476683938,30.3556476683938,M,JP,PCPI_IX,Monthly,Japan,"Consumer Price Index, All items"
242,monthly,IMF,CPI,Consumer Price Index (CPI),M.JP.PCPI_IX,"Monthly – Japan – Consumer Price Index, All items",1970-03,1970-03-01,30.6503626943005,30.6503626943005,M,JP,PCPI_IX,Monthly,Japan,"Consumer Price Index, All items"
243,monthly,IMF,CPI,Consumer Price Index (CPI),M.JP.PCPI_IX,"Monthly – Japan – Consumer Price Index, All items",1970-04,1970-04-01,30.9450777202073,30.9450777202073,M,JP,PCPI_IX,Monthly,Japan,"Consumer Price Index, All items"
244,monthly,IMF,CPI,Consumer Price Index (CPI),M.JP.PCPI_IX,"Monthly – Japan – Consumer Price Index, All items",1970-05,1970-05-01,30.7486010362694,30.7486010362694,M,JP,PCPI_IX,Monthly,Japan,"Consumer Price Index, All items"
245,monthly,IMF,CPI,Consumer Price Index (CPI),M.JP.PCPI_IX,"Monthly – Japan – Consumer Price Index, All items",1970-06,1970-06-01,30.7486010362694,30.7486010362694,M,JP,PCPI_IX,Monthly,Japan,"Consumer Price Index, All items"
246,monthly,IMF,CPI,Consumer Price Index (CPI),M.JP.PCPI_IX,"Monthly – Japan – Consumer Price Index, All items",1970-07,1970-07-01,30.7486010362694,30.7486010362694,M,JP,PCPI_IX,Monthly,Japan,"Consumer Price Index, All items"
247,monthly,IMF,CPI,Consumer Price Index (CPI),M.JP.PCPI_IX,"Monthly – Japan – Consumer Price Index, All items",1970-08,1970-08-01,30.6503626943005,30.6503626943005,M,JP,PCPI_IX,Monthly,Japan,"Consumer Price Index, All items"
248,monthly,IMF,CPI,Consumer Price Index (CPI),M.JP.PCPI_IX,"Monthly – Japan – Consumer Price Index, All items",1970-09,1970-09-01,31.239792746114,31.239792746114,M,JP,PCPI_IX,Monthly,Japan,"Consumer Price Index, All items"
249,monthly,IMF,CPI,Consumer Price Index (CPI),M.JP.PCPI_IX,"Monthly – Japan – Consumer Price Index, All items",1970-10,1970-10-01,31.7309844559585,31.7309844559585,M,JP,PCPI_IX,Monthly,Japan,"Consumer Price Index, All items"
250,monthly,IMF,CPI,Consumer Price Index (CPI),M.JP.PCPI_IX,"Monthly – Japan – Consumer Price Index, All items",1970-11,1970-11-01,31.7309844559585,31.7309844559585,M,JP,PCPI_IX,Monthly,Japan,"Consumer Price Index, All items"
251,monthly,IMF,CPI,Consumer Price Index (CPI),M.JP.PCPI_IX,"Monthly – Japan – Consumer Price Index, All items",1970-12,1970-12-01,31.9274611398964,31.9274611398964,M,JP,PCPI_IX,Monthly,Japan,"Consumer Price Index, All items"
252,monthly,IMF,CPI,Consumer Price Index (CPI),M.JP.PCPI_IX,"Monthly – Japan – Consumer Price Index, All items",1971-01,1971-01-01,32.2221761658031,32.2221761658031,M,JP,PCPI_IX,Monthly,Japan,"Consumer Price Index, All items"
253,monthly,IMF,CPI,Consumer Price Index (CPI),M.JP.PCPI_IX,"Monthly – Japan – Consumer Price Index, All items",1971-02,1971-02-01,32.2221761658031,32.2221761658031,M,JP,PCPI_IX,Monthly,Japan,"Consumer Price Index, All items"
254,monthly,IMF,CPI,Consumer Price Index (CPI),M.JP.PCPI_IX,"Monthly – Japan – Consumer Price Index, All items",1971-03,1971-03-01,32.320414507772,32.320414507772,M,JP,PCPI_IX,Monthly,Japan,"Consumer Price Index, All items"
255,monthly,IMF,CPI,Consumer Price Index (CPI),M.JP.PCPI_IX,"Monthly – Japan – Consumer Price Index, All items",1971-04,1971-04-01,32.7133678756477,32.7133678756477,M,JP,PCPI_IX,Monthly,Japan,"Consumer Price Index, All items"
256,monthly,IMF,CPI,Consumer Price Index (CPI),M.JP.PCPI_IX,"Monthly – Japan – Consumer Price Index, All items",1971-05,1971-05-01,32.8116062176166,32.8116062176166,M,JP,PCPI_IX,Monthly,Japan,"Consumer Price Index, All items"
257,monthly,IMF,CPI,Consumer Price Index (CPI),M.JP.PCPI_IX,"Monthly – Japan – Consumer Price Index, All items",1971-06,1971-06-01,32.9098445595855,32.9098445595855,M,JP,PCPI_IX,Monthly,Japan,"Consumer Price Index, All items"
258,monthly,IMF,CPI,Consumer Price Index (CPI),M.JP.PCPI_IX,"Monthly – Japan – Consumer Price Index, All items",1971-07,1971-07-01,32.9098445595855,32.9098445595855,M,JP,PCPI_IX,Monthly,Japan,"Consumer Price Index, All items"
259,monthly,IMF,CPI,Consumer Price Index (CPI),M.JP.PCPI_IX,"Monthly – Japan – Consumer Price Index, All items",1971-08,1971-08-01,32.9098445595855,32.9098445595855,M,JP,PCPI_IX,Monthly,Japan,"Consumer Price Index, All items"
260,monthly,IMF,CPI,Consumer Price Index (CPI),M.JP.PCPI_IX,"Monthly – Japan – Consumer Price Index, All items",1971-09,1971-09-01,33.6957512953368,33.6957512953368,M,JP,PCPI_IX,Monthly,Japan,"Consumer Price Index, All items"
261,monthly,IMF,CPI,Consumer Price Index (CPI),M.JP.PCPI_IX,"Monthly – Japan – Consumer Price Index, All items",1971-10,1971-10-01,33.7939896373057,33.7939896373057,M,JP,PCPI_IX,Monthly,Japan,"Consumer Price Index, All items"
262,monthly,IMF,CPI,Consumer Price Index (CPI),M.JP.PCPI_IX,"Monthly – Japan – Consumer Price Index, All items",1971-11,1971-11-01,33.499274611399,33.499274611399,M,JP,PCPI_IX,Monthly,Japan,"Consumer Price Index, All items"
263,monthly,IMF,CPI,Consumer Price Index (CPI),M.JP.PCPI_IX,"Monthly – Japan – Consumer Price Index, All items",1971-12,1971-12-01,33.499274611399,33.499274611399,M,JP,PCPI_IX,Monthly,Japan,"Consumer Price Index, All items"
264,monthly,IMF,CPI,Consumer Price Index (CPI),M.JP.PCPI_IX,"Monthly – Japan – Consumer Price Index, All items",1972-01,1972-01-01,33.499274611399,33.499274611399,M,JP,PCPI_IX,Monthly,Japan,"Consumer Price Index, All items"
265,monthly,IMF,CPI,Consumer Price Index (CPI),M.JP.PCPI_IX,"Monthly – Japan – Consumer Price Index, All items",1972-02,1972-02-01,33.6957512953368,33.6957512953368,M,JP,PCPI_IX,Monthly,Japan,"Consumer Price Index, All items"
266,monthly,IMF,CPI,Consumer Price Index (CPI),M.JP.PCPI_IX,"Monthly – Japan – Consumer Price Index, All items",1972-03,1972-03-01,33.9904663212435,33.9904663212435,M,JP,PCPI_IX,Monthly,Japan,"Consumer Price Index, All items"
267,monthly,IMF,CPI,Consumer Price Index (CPI),M.JP.PCPI_IX,"Monthly – Japan – Consumer Price Index, All items",1972-04,1972-04-01,34.3834196891192,34.3834196891192,M,JP,PCPI_IX,Monthly,Japan,"Consumer Price Index, All items"
268,monthly,IMF,CPI,Consumer Price Index (CPI),M.JP.PCPI_IX,"Monthly – Japan – Consumer Price Index, All items",1972-05,1972-05-01,34.4816580310881,34.4816580310881,M,JP,PCPI_IX,Monthly,Japan,"Consumer Price Index, All items"
269,monthly,IMF,CPI,Consumer Price Index (CPI),M.JP.PCPI_IX,"Monthly – Japan – Consumer Price Index, All items",1972-06,1972-06-01,34.579896373057,34.579896373057,M,JP,PCPI_IX,Monthly,Japan,"Consumer Price Index, All items"
270,monthly,IMF,CPI,Consumer Price Index (CPI),M.JP.PCPI_IX,"Monthly – Japan – Consumer Price Index, All items",1972-07,1972-07-01,34.579896373057,34.579896373057,M,JP,PCPI_IX,Monthly,Japan,"Consumer Price Index, All items"
271,monthly,IMF,CPI,Consumer Price Index (CPI),M.JP.PCPI_IX,"Monthly – Japan – Consumer Price Index, All items",1972-08,1972-08-01,34.7763730569948,34.7763730569948,M,JP,PCPI_IX,Monthly,Japan,"Consumer Price Index, All items"
272,monthly,IMF,CPI,Consumer Price Index (CPI),M.JP.PCPI_IX,"Monthly – Japan – Consumer Price Index, All items",1972-09,1972-09-01,34.9728497409326,34.9728497409326,M,JP,PCPI_IX,Monthly,Japan,"Consumer Price Index, All items"
273,monthly,IMF,CPI,Consumer Price Index (CPI),M.JP.PCPI_IX,"Monthly – Japan – Consumer Price Index, All items",1972-10,1972-10-01,35.1693264248705,35.1693264248705,M,JP,PCPI_IX,Monthly,Japan,"Consumer Price Index, All items"
274,monthly,IMF,CPI,Consumer Price Index (CPI),M.JP.PCPI_IX,"Monthly – Japan – Consumer Price Index, All items",1972-11,1972-11-01,35.1693264248705,35.1693264248705,M,JP,PCPI_IX,Monthly,Japan,"Consumer Price Index, All items"
275,monthly,IMF,CPI,Consumer Price Index (CPI),M.JP.PCPI_IX,"Monthly – Japan – Consumer Price Index, All items",1972-12,1972-12-01,35.3658031088083,35.3658031088083,M,JP,PCPI_IX,Monthly,Japan,"Consumer Price Index, All items"
276,monthly,IMF,CPI,Consumer Price Index (CPI),M.JP.PCPI_IX,"Monthly – Japan – Consumer Price Index, All items",1973-01,1973-01-01,35.7587564766839,35.7587564766839,M,JP,PCPI_IX,Monthly,Japan,"Consumer Price Index, All items"
277,monthly,IMF,CPI,Consumer Price Index (CPI),M.JP.PCPI_IX,"Monthly – Japan – Consumer Price Index, All items",1973-02,1973-02-01,36.0534715025907,36.0534715025907,M,JP,PCPI_IX,Monthly,Japan,"Consumer Price Index, All items"
278,monthly,IMF,CPI,Consumer Price Index (CPI),M.JP.PCPI_IX,"Monthly – Japan – Consumer Price Index, All items",1973-03,1973-03-01,36.9376165803109,36.9376165803109,M,JP,PCPI_IX,Monthly,Japan,"Consumer Price Index, All items"
279,monthly,IMF,CPI,Consumer Price Index (CPI),M.JP.PCPI_IX,"Monthly – Japan – Consumer Price Index, All items",1973-04,1973-04-01,37.5270466321244,37.5270466321244,M,JP,PCPI_IX,Monthly,Japan,"Consumer Price Index, All items"
280,monthly,IMF,CPI,Consumer Price Index (CPI),M.JP.PCPI_IX,"Monthly – Japan – Consumer Price Index, All items",1973-05,1973-05-01,38.2147150259067,38.2147150259067,M,JP,PCPI_IX,Monthly,Japan,"Consumer Price Index, All items"
281,monthly,IMF,CPI,Consumer Price Index (CPI),M.JP.PCPI_IX,"Monthly – Japan – Consumer Price Index, All items",1973-06,1973-06-01,38.3129533678757,38.3129533678757,M,JP,PCPI_IX,Monthly,Japan,"Consumer Price Index, All items"
282,monthly,IMF,CPI,Consumer Price Index (CPI),M.JP.PCPI_IX,"Monthly – Japan – Consumer Price Index, All items",1973-07,1973-07-01,38.6076683937824,38.6076683937824,M,JP,PCPI_IX,Monthly,Japan,"Consumer Price Index, All items"
283,monthly,IMF,CPI,Consumer Price Index (CPI),M.JP.PCPI_IX,"Monthly – Japan – Consumer Price Index, All items",1973-08,1973-08-01,38.9023834196891,38.9023834196891,M,JP,PCPI_IX,Monthly,Japan,"Consumer Price Index, All items"
284,monthly,IMF,CPI,Consumer Price Index (CPI),M.JP.PCPI_IX,"Monthly – Japan – Consumer Price Index, All items",1973-09,1973-09-01,39.9830051813472,39.9830051813472,M,JP,PCPI_IX,Monthly,Japan,"Consumer Price Index, All items"
285,monthly,IMF,CPI,Consumer Price Index (CPI),M.JP.PCPI_IX,"Monthly – Japan – Consumer Price Index, All items",1973-10,1973-10-01,40.179481865285,40.179481865285,M,JP,PCPI_IX,Monthly,Japan,"Consumer Price Index, All items"
286,monthly,IMF,CPI,Consumer Price Index (CPI),M.JP.PCPI_IX,"Monthly – Japan – Consumer Price Index, All items",1973-11,1973-11-01,40.4741968911917,40.4741968911917,M,JP,PCPI_IX,Monthly,Japan,"Consumer Price Index, All items"
287,monthly,IMF,CPI,Consumer Price Index (CPI),M.JP.PCPI_IX,"Monthly – Japan – Consumer Price Index, All items",1973-12,1973-12-01,41.8495336787565,41.8495336787565,M,JP,PCPI_IX,Monthly,Japan,"Consumer Price Index, All items"
288,monthly,IMF,CPI,Consumer Price Index (CPI),M.JP.PCPI_IX,"Monthly – Japan – Consumer Price Index, All items",1974-01,1974-01-01,43.6178238341969,43.6178238341969,M,JP,PCPI_IX,Monthly,Japan,"Consumer Price Index, All items"
289,monthly,IMF,CPI,Consumer Price Index (CPI),M.JP.PCPI_IX,"Monthly – Japan – Consumer Price Index, All items",1974-02,1974-02-01,44.9931606217617,44.9931606217617,M,JP,PCPI_IX,Monthly,Japan,"Consumer Price Index, All items"
290,monthly,IMF,CPI,Consumer Price Index (CPI),M.JP.PCPI_IX,"Monthly – Japan – Consumer Price Index, All items",1974-03,1974-03-01,45.2878756476684,45.2878756476684,M,JP,PCPI_IX,Monthly,Japan,"Consumer Price Index, All items"
291,monthly,IMF,CPI,Consumer Price Index (CPI),M.JP.PCPI_IX,"Monthly – Japan – Consumer Price Index, All items",1974-04,1974-04-01,46.4667357512953,46.4667357512953,M,JP,PCPI_IX,Monthly,Japan,"Consumer Price Index, All items"
292,monthly,IMF,CPI,Consumer Price Index (CPI),M.JP.PCPI_IX,"Monthly – Japan – Consumer Price Index, All items",1974-05,1974-05-01,46.6632124352332,46.6632124352332,M,JP,PCPI_IX,Monthly,Japan,"Consumer Price Index, All items"
293,monthly,IMF,CPI,Consumer Price Index (CPI),M.JP.PCPI_IX,"Monthly – Japan – Consumer Price Index, All items",1974-06,1974-06-01,46.859689119171,46.859689119171,M,JP,PCPI_IX,Monthly,Japan,"Consumer Price Index, All items"
294,monthly,IMF,CPI,Consumer Price Index (CPI),M.JP.PCPI_IX,"Monthly – Japan – Consumer Price Index, All items",1974-07,1974-07-01,47.8420725388601,47.8420725388601,M,JP,PCPI_IX,Monthly,Japan,"Consumer Price Index, All items"
295,monthly,IMF,CPI,Consumer Price Index (CPI),M.JP.PCPI_IX,"Monthly – Japan – Consumer Price Index, All items",1974-08,1974-08-01,48.3332642487047,48.3332642487047,M,JP,PCPI_IX,Monthly,Japan,"Consumer Price Index, All items"
296,monthly,IMF,CPI,Consumer Price Index (CPI),M.JP.PCPI_IX,"Monthly – Japan – Consumer Price Index, All items",1974-09,1974-09-01,48.9226943005181,48.9226943005181,M,JP,PCPI_IX,Monthly,Japan,"Consumer Price Index, All items"
297,monthly,IMF,CPI,Consumer Price Index (CPI),M.JP.PCPI_IX,"Monthly – Japan – Consumer Price Index, All items",1974-10,1974-10-01,50.1015544041451,50.1015544041451,M,JP,PCPI_IX,Monthly,Japan,"Consumer Price Index, All items"
298,monthly,IMF,CPI,Consumer Price Index (CPI),M.JP.PCPI_IX,"Monthly – Japan – Consumer Price Index, All items",1974-11,1974-11-01,50.4945077720207,50.4945077720207,M,JP,PCPI_IX,Monthly,Japan,"Consumer Price Index, All items"
299,monthly,IMF,CPI,Consumer Price Index (CPI),M.JP.PCPI_IX,"Monthly – Japan – Consumer Price Index, All items",1974-12,1974-12-01,50.6909844559585,50.6909844559585,M,JP,PCPI_IX,Monthly,Japan,"Consumer Price Index, All items"
300,monthly,IMF,CPI,Consumer Price Index (CPI),M.JP.PCPI_IX,"Monthly – Japan – Consumer Price Index, All items",1975-01,1975-01-01,51.280414507772,51.280414507772,M,JP,PCPI_IX,Monthly,Japan,"Consumer Price Index, All items"
301,monthly,IMF,CPI,Consumer Price Index (CPI),M.JP.PCPI_IX,"Monthly – Japan – Consumer Price Index, All items",1975-02,1975-02-01,51.280414507772,51.280414507772,M,JP,PCPI_IX,Monthly,Japan,"Consumer Price Index, All items"
302,monthly,IMF,CPI,Consumer Price Index (CPI),M.JP.PCPI_IX,"Monthly – Japan – Consumer Price Index, All items",1975-03,1975-03-01,51.7716062176166,51.7716062176166,M,JP,PCPI_IX,Monthly,Japan,"Consumer Price Index, All items"
303,monthly,IMF,CPI,Consumer Price Index (CPI),M.JP.PCPI_IX,"Monthly – Japan – Consumer Price Index, All items",1975-04,1975-04-01,52.6557512953368,52.6557512953368,M,JP,PCPI_IX,Monthly,Japan,"Consumer Price Index, All items"
304,monthly,IMF,CPI,Consumer Price Index (CPI),M.JP.PCPI_IX,"Monthly – Japan – Consumer Price Index, All items",1975-05,1975-05-01,52.9504663212435,52.9504663212435,M,JP,PCPI_IX,Monthly,Japan,"Consumer Price Index, All items"
305,monthly,IMF,CPI,Consumer Price Index (CPI),M.JP.PCPI_IX,"Monthly – Japan – Consumer Price Index, All items",1975-06,1975-06-01,52.9504663212435,52.9504663212435,M,JP,PCPI_IX,Monthly,Japan,"Consumer Price Index, All items"
306,monthly,IMF,CPI,Consumer Price Index (CPI),M.JP.PCPI_IX,"Monthly – Japan – Consumer Price Index, All items",1975-07,1975-07-01,53.0487046632124,53.0487046632124,M,JP,PCPI_IX,Monthly,Japan,"Consumer Price Index, All items"
307,monthly,IMF,CPI,Consumer Price Index (CPI),M.JP.PCPI_IX,"Monthly – Japan – Consumer Price Index, All items",1975-08,1975-08-01,52.9504663212435,52.9504663212435,M,JP,PCPI_IX,Monthly,Japan,"Consumer Price Index, All items"
308,monthly,IMF,CPI,Consumer Price Index (CPI),M.JP.PCPI_IX,"Monthly – Japan – Consumer Price Index, All items",1975-09,1975-09-01,54.1293264248705,54.1293264248705,M,JP,PCPI_IX,Monthly,Japan,"Consumer Price Index, All items"
309,monthly,IMF,CPI,Consumer Price Index (CPI),M.JP.PCPI_IX,"Monthly – Japan – Consumer Price Index, All items",1975-10,1975-10-01,54.9152331606218,54.9152331606218,M,JP,PCPI_IX,Monthly,Japan,"Consumer Price Index, All items"
310,monthly,IMF,CPI,Consumer Price Index (CPI),M.JP.PCPI_IX,"Monthly – Japan – Consumer Price Index, All items",1975-11,1975-11-01,54.620518134715,54.620518134715,M,JP,PCPI_IX,Monthly,Japan,"Consumer Price Index, All items"
311,monthly,IMF,CPI,Consumer Price Index (CPI),M.JP.PCPI_IX,"Monthly – Japan – Consumer Price Index, All items",1975-12,1975-12-01,54.620518134715,54.620518134715,M,JP,PCPI_IX,Monthly,Japan,"Consumer Price Index, All items"
312,monthly,IMF,CPI,Consumer Price Index (CPI),M.JP.PCPI_IX,"Monthly – Japan – Consumer Price Index, All items",1976-01,1976-01-01,55.7011398963731,55.7011398963731,M,JP,PCPI_IX,Monthly,Japan,"Consumer Price Index, All items"
313,monthly,IMF,CPI,Consumer Price Index (CPI),M.JP.PCPI_IX,"Monthly – Japan – Consumer Price Index, All items",1976-02,1976-02-01,56.0940932642487,56.0940932642487,M,JP,PCPI_IX,Monthly,Japan,"Consumer Price Index, All items"
314,monthly,IMF,CPI,Consumer Price Index (CPI),M.JP.PCPI_IX,"Monthly – Japan – Consumer Price Index, All items",1976-03,1976-03-01,56.2905699481865,56.2905699481865,M,JP,PCPI_IX,Monthly,Japan,"Consumer Price Index, All items"
315,monthly,IMF,CPI,Consumer Price Index (CPI),M.JP.PCPI_IX,"Monthly – Japan – Consumer Price Index, All items",1976-04,1976-04-01,57.5676683937824,57.5676683937824,M,JP,PCPI_IX,Monthly,Japan,"Consumer Price Index, All items"
316,monthly,IMF,CPI,Consumer Price Index (CPI),M.JP.PCPI_IX,"Monthly – Japan – Consumer Price Index, All items",1976-05,1976-05-01,57.8623834196891,57.8623834196891,M,JP,PCPI_IX,Monthly,Japan,"Consumer Price Index, All items"
317,monthly,IMF,CPI,Consumer Price Index (CPI),M.JP.PCPI_IX,"Monthly – Japan – Consumer Price Index, All items",1976-06,1976-06-01,57.960621761658,57.960621761658,M,JP,PCPI_IX,Monthly,Japan,"Consumer Price Index, All items"
318,monthly,IMF,CPI,Consumer Price Index (CPI),M.JP.PCPI_IX,"Monthly – Japan – Consumer Price Index, All items",1976-07,1976-07-01,58.2553367875648,58.2553367875648,M,JP,PCPI_IX,Monthly,Japan,"Consumer Price Index, All items"
319,monthly,IMF,CPI,Consumer Price Index (CPI),M.JP.PCPI_IX,"Monthly – Japan – Consumer Price Index, All items",1976-08,1976-08-01,57.960621761658,57.960621761658,M,JP,PCPI_IX,Monthly,Japan,"Consumer Price Index, All items"
320,monthly,IMF,CPI,Consumer Price Index (CPI),M.JP.PCPI_IX,"Monthly – Japan – Consumer Price Index, All items",1976-09,1976-09-01,59.3359585492228,59.3359585492228,M,JP,PCPI_IX,Monthly,Japan,"Consumer Price Index, All items"
321,monthly,IMF,CPI,Consumer Price Index (CPI),M.JP.PCPI_IX,"Monthly – Japan – Consumer Price Index, All items",1976-10,1976-10-01,59.7289119170985,59.7289119170985,M,JP,PCPI_IX,Monthly,Japan,"Consumer Price Index, All items"
322,monthly,IMF,CPI,Consumer Price Index (CPI),M.JP.PCPI_IX,"Monthly – Japan – Consumer Price Index, All items",1976-11,1976-11-01,59.7289119170985,59.7289119170985,M,JP,PCPI_IX,Monthly,Japan,"Consumer Price Index, All items"
323,monthly,IMF,CPI,Consumer Price Index (CPI),M.JP.PCPI_IX,"Monthly – Japan – Consumer Price Index, All items",1976-12,1976-12-01,60.4165803108808,60.4165803108808,M,JP,PCPI_IX,Monthly,Japan,"Consumer Price Index, All items"
324,monthly,IMF,CPI,Consumer Price Index (CPI),M.JP.PCPI_IX,"Monthly – Japan – Consumer Price Index, All items",1977-01,1977-01-01,61.0060103626943,61.0060103626943,M,JP,PCPI_IX,Monthly,Japan,"Consumer Price Index, All items"
325,monthly,IMF,CPI,Consumer Price Index (CPI),M.JP.PCPI_IX,"Monthly – Japan – Consumer Price Index, All items",1977-02,1977-02-01,61.300725388601,61.300725388601,M,JP,PCPI_IX,Monthly,Japan,"Consumer Price Index, All items"
326,monthly,IMF,CPI,Consumer Price Index (CPI),M.JP.PCPI_IX,"Monthly – Japan – Consumer Price Index, All items",1977-03,1977-03-01,61.5954404145078,61.5954404145078,M,JP,PCPI_IX,Monthly,Japan,"Consumer Price Index, All items"
327,monthly,IMF,CPI,Consumer Price Index (CPI),M.JP.PCPI_IX,"Monthly – Japan – Consumer Price Index, All items",1977-04,1977-04-01,62.6760621761658,62.6760621761658,M,JP,PCPI_IX,Monthly,Japan,"Consumer Price Index, All items"
328,monthly,IMF,CPI,Consumer Price Index (CPI),M.JP.PCPI_IX,"Monthly – Japan – Consumer Price Index, All items",1977-05,1977-05-01,63.2654922279793,63.2654922279793,M,JP,PCPI_IX,Monthly,Japan,"Consumer Price Index, All items"
329,monthly,IMF,CPI,Consumer Price Index (CPI),M.JP.PCPI_IX,"Monthly – Japan – Consumer Price Index, All items",1977-06,1977-06-01,62.9707772020725,62.9707772020725,M,JP,PCPI_IX,Monthly,Japan,"Consumer Price Index, All items"
330,monthly,IMF,CPI,Consumer Price Index (CPI),M.JP.PCPI_IX,"Monthly – Japan – Consumer Price Index, All items",1977-07,1977-07-01,62.7743005181347,62.7743005181347,M,JP,PCPI_IX,Monthly,Japan,"Consumer Price Index, All items"
331,monthly,IMF,CPI,Consumer Price Index (CPI),M.JP.PCPI_IX,"Monthly – Japan – Consumer Price Index, All items",1977-08,1977-08-01,62.8725388601036,62.8725388601036,M,JP,PCPI_IX,Monthly,Japan,"Consumer Price Index, All items"
332,monthly,IMF,CPI,Consumer Price Index (CPI),M.JP.PCPI_IX,"Monthly – Japan – Consumer Price Index, All items",1977-09,1977-09-01,63.8549222797928,63.8549222797928,M,JP,PCPI_IX,Monthly,Japan,"Consumer Price Index, All items"
333,monthly,IMF,CPI,Consumer Price Index (CPI),M.JP.PCPI_IX,"Monthly – Japan – Consumer Price Index, All items",1977-10,1977-10-01,64.3461139896373,64.3461139896373,M,JP,PCPI_IX,Monthly,Japan,"Consumer Price Index, All items"
334,monthly,IMF,CPI,Consumer Price Index (CPI),M.JP.PCPI_IX,"Monthly – Japan – Consumer Price Index, All items",1977-11,1977-11-01,63.6584455958549,63.6584455958549,M,JP,PCPI_IX,Monthly,Japan,"Consumer Price Index, All items"
335,monthly,IMF,CPI,Consumer Price Index (CPI),M.JP.PCPI_IX,"Monthly – Japan – Consumer Price Index, All items",1977-12,1977-12-01,63.4619689119171,63.4619689119171,M,JP,PCPI_IX,Monthly,Japan,"Consumer Price Index, All items"
336,monthly,IMF,CPI,Consumer Price Index (CPI),M.JP.PCPI_IX,"Monthly – Japan – Consumer Price Index, All items",1978-01,1978-01-01,63.7566839378238,63.7566839378238,M,JP,PCPI_IX,Monthly,Japan,"Consumer Price Index, All items"
337,monthly,IMF,CPI,Consumer Price Index (CPI),M.JP.PCPI_IX,"Monthly – Japan – Consumer Price Index, All items",1978-02,1978-02-01,64.0513989637306,64.0513989637306,M,JP,PCPI_IX,Monthly,Japan,"Consumer Price Index, All items"
338,monthly,IMF,CPI,Consumer Price Index (CPI),M.JP.PCPI_IX,"Monthly – Japan – Consumer Price Index, All items",1978-03,1978-03-01,64.640829015544,64.640829015544,M,JP,PCPI_IX,Monthly,Japan,"Consumer Price Index, All items"
339,monthly,IMF,CPI,Consumer Price Index (CPI),M.JP.PCPI_IX,"Monthly – Japan – Consumer Price Index, All items",1978-04,1978-04-01,65.3284974093264,65.3284974093264,M,JP,PCPI_IX,Monthly,Japan,"Consumer Price Index, All items"
340,monthly,IMF,CPI,Consumer Price Index (CPI),M.JP.PCPI_IX,"Monthly – Japan – Consumer Price Index, All items",1978-05,1978-05-01,65.7214507772021,65.7214507772021,M,JP,PCPI_IX,Monthly,Japan,"Consumer Price Index, All items"
341,monthly,IMF,CPI,Consumer Price Index (CPI),M.JP.PCPI_IX,"Monthly – Japan – Consumer Price Index, All items",1978-06,1978-06-01,65.4267357512953,65.4267357512953,M,JP,PCPI_IX,Monthly,Japan,"Consumer Price Index, All items"
342,monthly,IMF,CPI,Consumer Price Index (CPI),M.JP.PCPI_IX,"Monthly – Japan – Consumer Price Index, All items",1978-07,1978-07-01,65.6232124352332,65.6232124352332,M,JP,PCPI_IX,Monthly,Japan,"Consumer Price Index, All items"
343,monthly,IMF,CPI,Consumer Price Index (CPI),M.JP.PCPI_IX,"Monthly – Japan – Consumer Price Index, All items",1978-08,1978-08-01,65.819689119171,65.819689119171,M,JP,PCPI_IX,Monthly,Japan,"Consumer Price Index, All items"
344,monthly,IMF,CPI,Consumer Price Index (CPI),M.JP.PCPI_IX,"Monthly – Japan – Consumer Price Index, All items",1978-09,1978-09-01,66.5073575129534,66.5073575129534,M,JP,PCPI_IX,Monthly,Japan,"Consumer Price Index, All items"
345,monthly,IMF,CPI,Consumer Price Index (CPI),M.JP.PCPI_IX,"Monthly – Japan – Consumer Price Index, All items",1978-10,1978-10-01,66.7038341968912,66.7038341968912,M,JP,PCPI_IX,Monthly,Japan,"Consumer Price Index, All items"
346,monthly,IMF,CPI,Consumer Price Index (CPI),M.JP.PCPI_IX,"Monthly – Japan – Consumer Price Index, All items",1978-11,1978-11-01,66.0161658031088,66.0161658031088,M,JP,PCPI_IX,Monthly,Japan,"Consumer Price Index, All items"
347,monthly,IMF,CPI,Consumer Price Index (CPI),M.JP.PCPI_IX,"Monthly – Japan – Consumer Price Index, All items",1978-12,1978-12-01,65.9179274611399,65.9179274611399,M,JP,PCPI_IX,Monthly,Japan,"Consumer Price Index, All items"
348,monthly,IMF,CPI,Consumer Price Index (CPI),M.JP.PCPI_IX,"Monthly – Japan – Consumer Price Index, All items",1979-01,1979-01-01,66.0161658031088,66.0161658031088,M,JP,PCPI_IX,Monthly,Japan,"Consumer Price Index, All items"
349,monthly,IMF,CPI,Consumer Price Index (CPI),M.JP.PCPI_IX,"Monthly – Japan – Consumer Price Index, All items",1979-02,1979-02-01,65.819689119171,65.819689119171,M,JP,PCPI_IX,Monthly,Japan,"Consumer Price Index, All items"
350,monthly,IMF,CPI,Consumer Price Index (CPI),M.JP.PCPI_IX,"Monthly – Japan – Consumer Price Index, All items",1979-03,1979-03-01,66.4091191709845,66.4091191709845,M,JP,PCPI_IX,Monthly,Japan,"Consumer Price Index, All items"
351,monthly,IMF,CPI,Consumer Price Index (CPI),M.JP.PCPI_IX,"Monthly – Japan – Consumer Price Index, All items",1979-04,1979-04-01,67.2932642487047,67.2932642487047,M,JP,PCPI_IX,Monthly,Japan,"Consumer Price Index, All items"
352,monthly,IMF,CPI,Consumer Price Index (CPI),M.JP.PCPI_IX,"Monthly – Japan – Consumer Price Index, All items",1979-05,1979-05-01,67.7844559585492,67.7844559585492,M,JP,PCPI_IX,Monthly,Japan,"Consumer Price Index, All items"
353,monthly,IMF,CPI,Consumer Price Index (CPI),M.JP.PCPI_IX,"Monthly – Japan – Consumer Price Index, All items",1979-06,1979-06-01,67.8826943005181,67.8826943005181,M,JP,PCPI_IX,Monthly,Japan,"Consumer Price Index, All items"
354,monthly,IMF,CPI,Consumer Price Index (CPI),M.JP.PCPI_IX,"Monthly – Japan – Consumer Price Index, All items",1979-07,1979-07-01,68.4721243523316,68.4721243523316,M,JP,PCPI_IX,Monthly,Japan,"Consumer Price Index, All items"
355,monthly,IMF,CPI,Consumer Price Index (CPI),M.JP.PCPI_IX,"Monthly – Japan – Consumer Price Index, All items",1979-08,1979-08-01,67.7844559585492,67.7844559585492,M,JP,PCPI_IX,Monthly,Japan,"Consumer Price Index, All items"
356,monthly,IMF,CPI,Consumer Price Index (CPI),M.JP.PCPI_IX,"Monthly – Japan – Consumer Price Index, All items",1979-09,1979-09-01,68.6686010362694,68.6686010362694,M,JP,PCPI_IX,Monthly,Japan,"Consumer Price Index, All items"
357,monthly,IMF,CPI,Consumer Price Index (CPI),M.JP.PCPI_IX,"Monthly – Japan – Consumer Price Index, All items",1979-10,1979-10-01,69.5527461139896,69.5527461139896,M,JP,PCPI_IX,Monthly,Japan,"Consumer Price Index, All items"
358,monthly,IMF,CPI,Consumer Price Index (CPI),M.JP.PCPI_IX,"Monthly – Japan – Consumer Price Index, All items",1979-11,1979-11-01,69.2580310880829,69.2580310880829,M,JP,PCPI_IX,Monthly,Japan,"Consumer Price Index, All items"
359,monthly,IMF,CPI,Consumer Price Index (CPI),M.JP.PCPI_IX,"Monthly – Japan – Consumer Price Index, All items",1979-12,1979-12-01,69.6509844559586,69.6509844559586,M,JP,PCPI_IX,Monthly,Japan,"Consumer Price Index, All items"
360,monthly,IMF,CPI,Consumer Price Index (CPI),M.JP.PCPI_IX,"Monthly – Japan – Consumer Price Index, All items",1980-01,1980-01-01,70.3386528497409,70.3386528497409,M,JP,PCPI_IX,Monthly,Japan,"Consumer Price Index, All items"
361,monthly,IMF,CPI,Consumer Price Index (CPI),M.JP.PCPI_IX,"Monthly – Japan – Consumer Price Index, All items",1980-02,1980-02-01,70.9280829015544,70.9280829015544,M,JP,PCPI_IX,Monthly,Japan,"Consumer Price Index, All items"
362,monthly,IMF,CPI,Consumer Price Index (CPI),M.JP.PCPI_IX,"Monthly – Japan – Consumer Price Index, All items",1980-03,1980-03-01,71.3210362694301,71.3210362694301,M,JP,PCPI_IX,Monthly,Japan,"Consumer Price Index, All items"
363,monthly,IMF,CPI,Consumer Price Index (CPI),M.JP.PCPI_IX,"Monthly – Japan – Consumer Price Index, All items",1980-04,1980-04-01,72.5981347150259,72.5981347150259,M,JP,PCPI_IX,Monthly,Japan,"Consumer Price Index, All items"
364,monthly,IMF,CPI,Consumer Price Index (CPI),M.JP.PCPI_IX,"Monthly – Japan – Consumer Price Index, All items",1980-05,1980-05-01,73.1875647668394,73.1875647668394,M,JP,PCPI_IX,Monthly,Japan,"Consumer Price Index, All items"
365,monthly,IMF,CPI,Consumer Price Index (CPI),M.JP.PCPI_IX,"Monthly – Japan – Consumer Price Index, All items",1980-06,1980-06-01,73.580518134715,73.580518134715,M,JP,PCPI_IX,Monthly,Japan,"Consumer Price Index, All items"
366,monthly,IMF,CPI,Consumer Price Index (CPI),M.JP.PCPI_IX,"Monthly – Japan – Consumer Price Index, All items",1980-07,1980-07-01,73.580518134715,73.580518134715,M,JP,PCPI_IX,Monthly,Japan,"Consumer Price Index, All items"
367,monthly,IMF,CPI,Consumer Price Index (CPI),M.JP.PCPI_IX,"Monthly – Japan – Consumer Price Index, All items",1980-08,1980-08-01,73.3840414507772,73.3840414507772,M,JP,PCPI_IX,Monthly,Japan,"Consumer Price Index, All items"
368,monthly,IMF,CPI,Consumer Price Index (CPI),M.JP.PCPI_IX,"Monthly – Japan – Consumer Price Index, All items",1980-09,1980-09-01,74.6611398963731,74.6611398963731,M,JP,PCPI_IX,Monthly,Japan,"Consumer Price Index, All items"
369,monthly,IMF,CPI,Consumer Price Index (CPI),M.JP.PCPI_IX,"Monthly – Japan – Consumer Price Index, All items",1980-10,1980-10-01,74.759378238342,74.759378238342,M,JP,PCPI_IX,Monthly,Japan,"Consumer Price Index, All items"
370,monthly,IMF,CPI,Consumer Price Index (CPI),M.JP.PCPI_IX,"Monthly – Japan – Consumer Price Index, All items",1980-11,1980-11-01,74.9558549222798,74.9558549222798,M,JP,PCPI_IX,Monthly,Japan,"Consumer Price Index, All items"
371,monthly,IMF,CPI,Consumer Price Index (CPI),M.JP.PCPI_IX,"Monthly – Japan – Consumer Price Index, All items",1980-12,1980-12-01,74.6611398963731,74.6611398963731,M,JP,PCPI_IX,Monthly,Japan,"Consumer Price Index, All items"
372,monthly,IMF,CPI,Consumer Price Index (CPI),M.JP.PCPI_IX,"Monthly – Japan – Consumer Price Index, All items",1981-01,1981-01-01,75.4470466321244,75.4470466321244,M,JP,PCPI_IX,Monthly,Japan,"Consumer Price Index, All items"
373,monthly,IMF,CPI,Consumer Price Index (CPI),M.JP.PCPI_IX,"Monthly – Japan – Consumer Price Index, All items",1981-02,1981-02-01,75.3488082901554,75.3488082901554,M,JP,PCPI_IX,Monthly,Japan,"Consumer Price Index, All items"
374,monthly,IMF,CPI,Consumer Price Index (CPI),M.JP.PCPI_IX,"Monthly – Japan – Consumer Price Index, All items",1981-03,1981-03-01,75.6435233160622,75.6435233160622,M,JP,PCPI_IX,Monthly,Japan,"Consumer Price Index, All items"
375,monthly,IMF,CPI,Consumer Price Index (CPI),M.JP.PCPI_IX,"Monthly – Japan – Consumer Price Index, All items",1981-04,1981-04-01,76.2329533678757,76.2329533678757,M,JP,PCPI_IX,Monthly,Japan,"Consumer Price Index, All items"
376,monthly,IMF,CPI,Consumer Price Index (CPI),M.JP.PCPI_IX,"Monthly – Japan – Consumer Price Index, All items",1981-05,1981-05-01,76.920621761658,76.920621761658,M,JP,PCPI_IX,Monthly,Japan,"Consumer Price Index, All items"
377,monthly,IMF,CPI,Consumer Price Index (CPI),M.JP.PCPI_IX,"Monthly – Japan – Consumer Price Index, All items",1981-06,1981-06-01,77.0188601036269,77.0188601036269,M,JP,PCPI_IX,Monthly,Japan,"Consumer Price Index, All items"
378,monthly,IMF,CPI,Consumer Price Index (CPI),M.JP.PCPI_IX,"Monthly – Japan – Consumer Price Index, All items",1981-07,1981-07-01,76.8223834196891,76.8223834196891,M,JP,PCPI_IX,Monthly,Japan,"Consumer Price Index, All items"
379,monthly,IMF,CPI,Consumer Price Index (CPI),M.JP.PCPI_IX,"Monthly – Japan – Consumer Price Index, All items",1981-08,1981-08-01,76.4294300518135,76.4294300518135,M,JP,PCPI_IX,Monthly,Japan,"Consumer Price Index, All items"
380,monthly,IMF,CPI,Consumer Price Index (CPI),M.JP.PCPI_IX,"Monthly – Japan – Consumer Price Index, All items",1981-09,1981-09-01,77.6082901554404,77.6082901554404,M,JP,PCPI_IX,Monthly,Japan,"Consumer Price Index, All items"
381,monthly,IMF,CPI,Consumer Price Index (CPI),M.JP.PCPI_IX,"Monthly – Japan – Consumer Price Index, All items",1981-10,1981-10-01,77.9030051813472,77.9030051813472,M,JP,PCPI_IX,Monthly,Japan,"Consumer Price Index, All items"
382,monthly,IMF,CPI,Consumer Price Index (CPI),M.JP.PCPI_IX,"Monthly – Japan – Consumer Price Index, All items",1981-11,1981-11-01,77.8047668393782,77.8047668393782,M,JP,PCPI_IX,Monthly,Japan,"Consumer Price Index, All items"
383,monthly,IMF,CPI,Consumer Price Index (CPI),M.JP.PCPI_IX,"Monthly – Japan – Consumer Price Index, All items",1981-12,1981-12-01,77.9030051813472,77.9030051813472,M,JP,PCPI_IX,Monthly,Japan,"Consumer Price Index, All items"
384,monthly,IMF,CPI,Consumer Price Index (CPI),M.JP.PCPI_IX,"Monthly – Japan – Consumer Price Index, All items",1982-01,1982-01-01,77.9030051813472,77.9030051813472,M,JP,PCPI_IX,Monthly,Japan,"Consumer Price Index, All items"
385,monthly,IMF,CPI,Consumer Price Index (CPI),M.JP.PCPI_IX,"Monthly – Japan – Consumer Price Index, All items",1982-02,1982-02-01,77.8047668393782,77.8047668393782,M,JP,PCPI_IX,Monthly,Japan,"Consumer Price Index, All items"
386,monthly,IMF,CPI,Consumer Price Index (CPI),M.JP.PCPI_IX,"Monthly – Japan – Consumer Price Index, All items",1982-03,1982-03-01,77.9030051813472,77.9030051813472,M,JP,PCPI_IX,Monthly,Japan,"Consumer Price Index, All items"
387,monthly,IMF,CPI,Consumer Price Index (CPI),M.JP.PCPI_IX,"Monthly – Japan – Consumer Price Index, All items",1982-04,1982-04-01,78.4924352331606,78.4924352331606,M,JP,PCPI_IX,Monthly,Japan,"Consumer Price Index, All items"
388,monthly,IMF,CPI,Consumer Price Index (CPI),M.JP.PCPI_IX,"Monthly – Japan – Consumer Price Index, All items",1982-05,1982-05-01,78.7871502590674,78.7871502590674,M,JP,PCPI_IX,Monthly,Japan,"Consumer Price Index, All items"
389,monthly,IMF,CPI,Consumer Price Index (CPI),M.JP.PCPI_IX,"Monthly – Japan – Consumer Price Index, All items",1982-06,1982-06-01,78.7871502590674,78.7871502590674,M,JP,PCPI_IX,Monthly,Japan,"Consumer Price Index, All items"
390,monthly,IMF,CPI,Consumer Price Index (CPI),M.JP.PCPI_IX,"Monthly – Japan – Consumer Price Index, All items",1982-07,1982-07-01,78.2959585492228,78.2959585492228,M,JP,PCPI_IX,Monthly,Japan,"Consumer Price Index, All items"
391,monthly,IMF,CPI,Consumer Price Index (CPI),M.JP.PCPI_IX,"Monthly – Japan – Consumer Price Index, All items",1982-08,1982-08-01,78.8853886010363,78.8853886010363,M,JP,PCPI_IX,Monthly,Japan,"Consumer Price Index, All items"
392,monthly,IMF,CPI,Consumer Price Index (CPI),M.JP.PCPI_IX,"Monthly – Japan – Consumer Price Index, All items",1982-09,1982-09-01,80.0642487046632,80.0642487046632,M,JP,PCPI_IX,Monthly,Japan,"Consumer Price Index, All items"
393,monthly,IMF,CPI,Consumer Price Index (CPI),M.JP.PCPI_IX,"Monthly – Japan – Consumer Price Index, All items",1982-10,1982-10-01,80.35896373057,80.35896373057,M,JP,PCPI_IX,Monthly,Japan,"Consumer Price Index, All items"
394,monthly,IMF,CPI,Consumer Price Index (CPI),M.JP.PCPI_IX,"Monthly – Japan – Consumer Price Index, All items",1982-11,1982-11-01,79.5730569948187,79.5730569948187,M,JP,PCPI_IX,Monthly,Japan,"Consumer Price Index, All items"
395,monthly,IMF,CPI,Consumer Price Index (CPI),M.JP.PCPI_IX,"Monthly – Japan – Consumer Price Index, All items",1982-12,1982-12-01,79.4748186528497,79.4748186528497,M,JP,PCPI_IX,Monthly,Japan,"Consumer Price Index, All items"
396,monthly,IMF,CPI,Consumer Price Index (CPI),M.JP.PCPI_IX,"Monthly – Japan – Consumer Price Index, All items",1983-01,1983-01-01,79.5730569948187,79.5730569948187,M,JP,PCPI_IX,Monthly,Japan,"Consumer Price Index, All items"
397,monthly,IMF,CPI,Consumer Price Index (CPI),M.JP.PCPI_IX,"Monthly – Japan – Consumer Price Index, All items",1983-02,1983-02-01,79.2783419689119,79.2783419689119,M,JP,PCPI_IX,Monthly,Japan,"Consumer Price Index, All items"
398,monthly,IMF,CPI,Consumer Price Index (CPI),M.JP.PCPI_IX,"Monthly – Japan – Consumer Price Index, All items",1983-03,1983-03-01,79.7695336787565,79.7695336787565,M,JP,PCPI_IX,Monthly,Japan,"Consumer Price Index, All items"
399,monthly,IMF,CPI,Consumer Price Index (CPI),M.JP.PCPI_IX,"Monthly – Japan – Consumer Price Index, All items",1983-04,1983-04-01,80.0642487046632,80.0642487046632,M,JP,PCPI_IX,Monthly,Japan,"Consumer Price Index, All items"
400,monthly,IMF,CPI,Consumer Price Index (CPI),M.JP.PCPI_IX,"Monthly – Japan – Consumer Price Index, All items",1983-05,1983-05-01,80.9483937823834,80.9483937823834,M,JP,PCPI_IX,Monthly,Japan,"Consumer Price Index, All items"
401,monthly,IMF,CPI,Consumer Price Index (CPI),M.JP.PCPI_IX,"Monthly – Japan – Consumer Price Index, All items",1983-06,1983-06-01,80.4572020725389,80.4572020725389,M,JP,PCPI_IX,Monthly,Japan,"Consumer Price Index, All items"
402,monthly,IMF,CPI,Consumer Price Index (CPI),M.JP.PCPI_IX,"Monthly – Japan – Consumer Price Index, All items",1983-07,1983-07-01,80.0642487046632,80.0642487046632,M,JP,PCPI_IX,Monthly,Japan,"Consumer Price Index, All items"
403,monthly,IMF,CPI,Consumer Price Index (CPI),M.JP.PCPI_IX,"Monthly – Japan – Consumer Price Index, All items",1983-08,1983-08-01,79.8677720207254,79.8677720207254,M,JP,PCPI_IX,Monthly,Japan,"Consumer Price Index, All items"
404,monthly,IMF,CPI,Consumer Price Index (CPI),M.JP.PCPI_IX,"Monthly – Japan – Consumer Price Index, All items",1983-09,1983-09-01,80.8501554404145,80.8501554404145,M,JP,PCPI_IX,Monthly,Japan,"Consumer Price Index, All items"
405,monthly,IMF,CPI,Consumer Price Index (CPI),M.JP.PCPI_IX,"Monthly – Japan – Consumer Price Index, All items",1983-10,1983-10-01,81.5378238341969,81.5378238341969,M,JP,PCPI_IX,Monthly,Japan,"Consumer Price Index, All items"
406,monthly,IMF,CPI,Consumer Price Index (CPI),M.JP.PCPI_IX,"Monthly – Japan – Consumer Price Index, All items",1983-11,1983-11-01,81.0466321243523,81.0466321243523,M,JP,PCPI_IX,Monthly,Japan,"Consumer Price Index, All items"
407,monthly,IMF,CPI,Consumer Price Index (CPI),M.JP.PCPI_IX,"Monthly – Japan – Consumer Price Index, All items",1983-12,1983-12-01,80.8501554404145,80.8501554404145,M,JP,PCPI_IX,Monthly,Japan,"Consumer Price Index, All items"
408,monthly,IMF,CPI,Consumer Price Index (CPI),M.JP.PCPI_IX,"Monthly – Japan – Consumer Price Index, All items",1984-01,1984-01-01,81.0466321243523,81.0466321243523,M,JP,PCPI_IX,Monthly,Japan,"Consumer Price Index, All items"
409,monthly,IMF,CPI,Consumer Price Index (CPI),M.JP.PCPI_IX,"Monthly – Japan – Consumer Price Index, All items",1984-02,1984-02-01,81.5378238341969,81.5378238341969,M,JP,PCPI_IX,Monthly,Japan,"Consumer Price Index, All items"
410,monthly,IMF,CPI,Consumer Price Index (CPI),M.JP.PCPI_IX,"Monthly – Japan – Consumer Price Index, All items",1984-03,1984-03-01,81.7343005181347,81.7343005181347,M,JP,PCPI_IX,Monthly,Japan,"Consumer Price Index, All items"
411,monthly,IMF,CPI,Consumer Price Index (CPI),M.JP.PCPI_IX,"Monthly – Japan – Consumer Price Index, All items",1984-04,1984-04-01,81.9307772020725,81.9307772020725,M,JP,PCPI_IX,Monthly,Japan,"Consumer Price Index, All items"
412,monthly,IMF,CPI,Consumer Price Index (CPI),M.JP.PCPI_IX,"Monthly – Japan – Consumer Price Index, All items",1984-05,1984-05-01,82.520207253886,82.520207253886,M,JP,PCPI_IX,Monthly,Japan,"Consumer Price Index, All items"
413,monthly,IMF,CPI,Consumer Price Index (CPI),M.JP.PCPI_IX,"Monthly – Japan – Consumer Price Index, All items",1984-06,1984-06-01,81.9307772020725,81.9307772020725,M,JP,PCPI_IX,Monthly,Japan,"Consumer Price Index, All items"
414,monthly,IMF,CPI,Consumer Price Index (CPI),M.JP.PCPI_IX,"Monthly – Japan – Consumer Price Index, All items",1984-07,1984-07-01,82.1272538860104,82.1272538860104,M,JP,PCPI_IX,Monthly,Japan,"Consumer Price Index, All items"
415,monthly,IMF,CPI,Consumer Price Index (CPI),M.JP.PCPI_IX,"Monthly – Japan – Consumer Price Index, All items",1984-08,1984-08-01,81.439585492228,81.439585492228,M,JP,PCPI_IX,Monthly,Japan,"Consumer Price Index, All items"
416,monthly,IMF,CPI,Consumer Price Index (CPI),M.JP.PCPI_IX,"Monthly – Japan – Consumer Price Index, All items",1984-09,1984-09-01,82.7166839378238,82.7166839378238,M,JP,PCPI_IX,Monthly,Japan,"Consumer Price Index, All items"
417,monthly,IMF,CPI,Consumer Price Index (CPI),M.JP.PCPI_IX,"Monthly – Japan – Consumer Price Index, All items",1984-10,1984-10-01,83.3061139896373,83.3061139896373,M,JP,PCPI_IX,Monthly,Japan,"Consumer Price Index, All items"
418,monthly,IMF,CPI,Consumer Price Index (CPI),M.JP.PCPI_IX,"Monthly – Japan – Consumer Price Index, All items",1984-11,1984-11-01,82.8149222797928,82.8149222797928,M,JP,PCPI_IX,Monthly,Japan,"Consumer Price Index, All items"
419,monthly,IMF,CPI,Consumer Price Index (CPI),M.JP.PCPI_IX,"Monthly – Japan – Consumer Price Index, All items",1984-12,1984-12-01,83.0113989637306,83.0113989637306,M,JP,PCPI_IX,Monthly,Japan,"Consumer Price Index, All items"
420,monthly,IMF,CPI,Consumer Price Index (CPI),M.JP.PCPI_IX,"Monthly – Japan – Consumer Price Index, All items",1985-01,1985-01-01,83.3061139896373,83.3061139896373,M,JP,PCPI_IX,Monthly,Japan,"Consumer Price Index, All items"
421,monthly,IMF,CPI,Consumer Price Index (CPI),M.JP.PCPI_IX,"Monthly – Japan – Consumer Price Index, All items",1985-02,1985-02-01,82.9131606217617,82.9131606217617,M,JP,PCPI_IX,Monthly,Japan,"Consumer Price Index, All items"
422,monthly,IMF,CPI,Consumer Price Index (CPI),M.JP.PCPI_IX,"Monthly – Japan – Consumer Price Index, All items",1985-03,1985-03-01,83.3061139896373,83.3061139896373,M,JP,PCPI_IX,Monthly,Japan,"Consumer Price Index, All items"
423,monthly,IMF,CPI,Consumer Price Index (CPI),M.JP.PCPI_IX,"Monthly – Japan – Consumer Price Index, All items",1985-04,1985-04-01,83.7973056994819,83.7973056994819,M,JP,PCPI_IX,Monthly,Japan,"Consumer Price Index, All items"
424,monthly,IMF,CPI,Consumer Price Index (CPI),M.JP.PCPI_IX,"Monthly – Japan – Consumer Price Index, All items",1985-05,1985-05-01,83.8955440414508,83.8955440414508,M,JP,PCPI_IX,Monthly,Japan,"Consumer Price Index, All items"
425,monthly,IMF,CPI,Consumer Price Index (CPI),M.JP.PCPI_IX,"Monthly – Japan – Consumer Price Index, All items",1985-06,1985-06-01,83.8955440414508,83.8955440414508,M,JP,PCPI_IX,Monthly,Japan,"Consumer Price Index, All items"
426,monthly,IMF,CPI,Consumer Price Index (CPI),M.JP.PCPI_IX,"Monthly – Japan – Consumer Price Index, All items",1985-07,1985-07-01,84.0920207253886,84.0920207253886,M,JP,PCPI_IX,Monthly,Japan,"Consumer Price Index, All items"
427,monthly,IMF,CPI,Consumer Price Index (CPI),M.JP.PCPI_IX,"Monthly – Japan – Consumer Price Index, All items",1985-08,1985-08-01,83.8955440414508,83.8955440414508,M,JP,PCPI_IX,Monthly,Japan,"Consumer Price Index, All items"
428,monthly,IMF,CPI,Consumer Price Index (CPI),M.JP.PCPI_IX,"Monthly – Japan – Consumer Price Index, All items",1985-09,1985-09-01,83.9937823834197,83.9937823834197,M,JP,PCPI_IX,Monthly,Japan,"Consumer Price Index, All items"
429,monthly,IMF,CPI,Consumer Price Index (CPI),M.JP.PCPI_IX,"Monthly – Japan – Consumer Price Index, All items",1985-10,1985-10-01,84.779689119171,84.779689119171,M,JP,PCPI_IX,Monthly,Japan,"Consumer Price Index, All items"
430,monthly,IMF,CPI,Consumer Price Index (CPI),M.JP.PCPI_IX,"Monthly – Japan – Consumer Price Index, All items",1985-11,1985-11-01,84.0920207253886,84.0920207253886,M,JP,PCPI_IX,Monthly,Japan,"Consumer Price Index, All items"
431,monthly,IMF,CPI,Consumer Price Index (CPI),M.JP.PCPI_IX,"Monthly – Japan – Consumer Price Index, All items",1985-12,1985-12-01,84.1902590673575,84.1902590673575,M,JP,PCPI_IX,Monthly,Japan,"Consumer Price Index, All items"
432,monthly,IMF,CPI,Consumer Price Index (CPI),M.JP.PCPI_IX,"Monthly – Japan – Consumer Price Index, All items",1986-01,1986-01-01,84.4849740932643,84.4849740932643,M,JP,PCPI_IX,Monthly,Japan,"Consumer Price Index, All items"
433,monthly,IMF,CPI,Consumer Price Index (CPI),M.JP.PCPI_IX,"Monthly – Japan – Consumer Price Index, All items",1986-02,1986-02-01,84.3867357512953,84.3867357512953,M,JP,PCPI_IX,Monthly,Japan,"Consumer Price Index, All items"
434,monthly,IMF,CPI,Consumer Price Index (CPI),M.JP.PCPI_IX,"Monthly – Japan – Consumer Price Index, All items",1986-03,1986-03-01,84.3867357512953,84.3867357512953,M,JP,PCPI_IX,Monthly,Japan,"Consumer Price Index, All items"
435,monthly,IMF,CPI,Consumer Price Index (CPI),M.JP.PCPI_IX,"Monthly – Japan – Consumer Price Index, All items",1986-04,1986-04-01,84.5832124352332,84.5832124352332,M,JP,PCPI_IX,Monthly,Japan,"Consumer Price Index, All items"
436,monthly,IMF,CPI,Consumer Price Index (CPI),M.JP.PCPI_IX,"Monthly – Japan – Consumer Price Index, All items",1986-05,1986-05-01,84.8779274611399,84.8779274611399,M,JP,PCPI_IX,Monthly,Japan,"Consumer Price Index, All items"
437,monthly,IMF,CPI,Consumer Price Index (CPI),M.JP.PCPI_IX,"Monthly – Japan – Consumer Price Index, All items",1986-06,1986-06-01,84.3867357512953,84.3867357512953,M,JP,PCPI_IX,Monthly,Japan,"Consumer Price Index, All items"
438,monthly,IMF,CPI,Consumer Price Index (CPI),M.JP.PCPI_IX,"Monthly – Japan – Consumer Price Index, All items",1986-07,1986-07-01,84.1902590673575,84.1902590673575,M,JP,PCPI_IX,Monthly,Japan,"Consumer Price Index, All items"
439,monthly,IMF,CPI,Consumer Price Index (CPI),M.JP.PCPI_IX,"Monthly – Japan – Consumer Price Index, All items",1986-08,1986-08-01,83.9937823834197,83.9937823834197,M,JP,PCPI_IX,Monthly,Japan,"Consumer Price Index, All items"
440,monthly,IMF,CPI,Consumer Price Index (CPI),M.JP.PCPI_IX,"Monthly – Japan – Consumer Price Index, All items",1986-09,1986-09-01,84.3867357512953,84.3867357512953,M,JP,PCPI_IX,Monthly,Japan,"Consumer Price Index, All items"
441,monthly,IMF,CPI,Consumer Price Index (CPI),M.JP.PCPI_IX,"Monthly – Japan – Consumer Price Index, All items",1986-10,1986-10-01,84.4849740932643,84.4849740932643,M,JP,PCPI_IX,Monthly,Japan,"Consumer Price Index, All items"
442,monthly,IMF,CPI,Consumer Price Index (CPI),M.JP.PCPI_IX,"Monthly – Japan – Consumer Price Index, All items",1986-11,1986-11-01,84.0920207253886,84.0920207253886,M,JP,PCPI_IX,Monthly,Japan,"Consumer Price Index, All items"
443,monthly,IMF,CPI,Consumer Price Index (CPI),M.JP.PCPI_IX,"Monthly – Japan – Consumer Price Index, All items",1986-12,1986-12-01,83.8955440414508,83.8955440414508,M,JP,PCPI_IX,Monthly,Japan,"Consumer Price Index, All items"
444,monthly,IMF,CPI,Consumer Price Index (CPI),M.JP.PCPI_IX,"Monthly – Japan – Consumer Price Index, All items",1987-01,1987-01-01,83.600829015544,83.600829015544,M,JP,PCPI_IX,Monthly,Japan,"Consumer Price Index, All items"
445,monthly,IMF,CPI,Consumer Price Index (CPI),M.JP.PCPI_IX,"Monthly – Japan – Consumer Price Index, All items",1987-02,1987-02-01,83.600829015544,83.600829015544,M,JP,PCPI_IX,Monthly,Japan,"Consumer Price Index, All items"
446,monthly,IMF,CPI,Consumer Price Index (CPI),M.JP.PCPI_IX,"Monthly – Japan – Consumer Price Index, All items",1987-03,1987-03-01,83.8955440414508,83.8955440414508,M,JP,PCPI_IX,Monthly,Japan,"Consumer Price Index, All items"
447,monthly,IMF,CPI,Consumer Price Index (CPI),M.JP.PCPI_IX,"Monthly – Japan – Consumer Price Index, All items",1987-04,1987-04-01,84.6814507772021,84.6814507772021,M,JP,PCPI_IX,Monthly,Japan,"Consumer Price Index, All items"
448,monthly,IMF,CPI,Consumer Price Index (CPI),M.JP.PCPI_IX,"Monthly – Japan – Consumer Price Index, All items",1987-05,1987-05-01,84.8779274611399,84.8779274611399,M,JP,PCPI_IX,Monthly,Japan,"Consumer Price Index, All items"
449,monthly,IMF,CPI,Consumer Price Index (CPI),M.JP.PCPI_IX,"Monthly – Japan – Consumer Price Index, All items",1987-06,1987-06-01,84.6814507772021,84.6814507772021,M,JP,PCPI_IX,Monthly,Japan,"Consumer Price Index, All items"
450,monthly,IMF,CPI,Consumer Price Index (CPI),M.JP.PCPI_IX,"Monthly – Japan – Consumer Price Index, All items",1987-07,1987-07-01,84.2884974093264,84.2884974093264,M,JP,PCPI_IX,Monthly,Japan,"Consumer Price Index, All items"
451,monthly,IMF,CPI,Consumer Price Index (CPI),M.JP.PCPI_IX,"Monthly – Japan – Consumer Price Index, All items",1987-08,1987-08-01,84.3867357512953,84.3867357512953,M,JP,PCPI_IX,Monthly,Japan,"Consumer Price Index, All items"
452,monthly,IMF,CPI,Consumer Price Index (CPI),M.JP.PCPI_IX,"Monthly – Japan – Consumer Price Index, All items",1987-09,1987-09-01,85.0744041450777,85.0744041450777,M,JP,PCPI_IX,Monthly,Japan,"Consumer Price Index, All items"
453,monthly,IMF,CPI,Consumer Price Index (CPI),M.JP.PCPI_IX,"Monthly – Japan – Consumer Price Index, All items",1987-10,1987-10-01,85.0744041450777,85.0744041450777,M,JP,PCPI_IX,Monthly,Japan,"Consumer Price Index, All items"
454,monthly,IMF,CPI,Consumer Price Index (CPI),M.JP.PCPI_IX,"Monthly – Japan – Consumer Price Index, All items",1987-11,1987-11-01,84.6814507772021,84.6814507772021,M,JP,PCPI_IX,Monthly,Japan,"Consumer Price Index, All items"
455,monthly,IMF,CPI,Consumer Price Index (CPI),M.JP.PCPI_IX,"Monthly – Japan – Consumer Price Index, All items",1987-12,1987-12-01,84.5832124352332,84.5832124352332,M,JP,PCPI_IX,Monthly,Japan,"Consumer Price Index, All items"
456,monthly,IMF,CPI,Consumer Price Index (CPI),M.JP.PCPI_IX,"Monthly – Japan – Consumer Price Index, All items",1988-01,1988-01-01,84.3867357512953,84.3867357512953,M,JP,PCPI_IX,Monthly,Japan,"Consumer Price Index, All items"
457,monthly,IMF,CPI,Consumer Price Index (CPI),M.JP.PCPI_IX,"Monthly – Japan – Consumer Price Index, All items",1988-02,1988-02-01,84.1902590673575,84.1902590673575,M,JP,PCPI_IX,Monthly,Japan,"Consumer Price Index, All items"
458,monthly,IMF,CPI,Consumer Price Index (CPI),M.JP.PCPI_IX,"Monthly – Japan – Consumer Price Index, All items",1988-03,1988-03-01,84.4849740932643,84.4849740932643,M,JP,PCPI_IX,Monthly,Japan,"Consumer Price Index, All items"
459,monthly,IMF,CPI,Consumer Price Index (CPI),M.JP.PCPI_IX,"Monthly – Japan – Consumer Price Index, All items",1988-04,1988-04-01,84.9761658031088,84.9761658031088,M,JP,PCPI_IX,Monthly,Japan,"Consumer Price Index, All items"
460,monthly,IMF,CPI,Consumer Price Index (CPI),M.JP.PCPI_IX,"Monthly – Japan – Consumer Price Index, All items",1988-05,1988-05-01,84.9761658031088,84.9761658031088,M,JP,PCPI_IX,Monthly,Japan,"Consumer Price Index, All items"
461,monthly,IMF,CPI,Consumer Price Index (CPI),M.JP.PCPI_IX,"Monthly – Japan – Consumer Price Index, All items",1988-06,1988-06-01,84.8779274611399,84.8779274611399,M,JP,PCPI_IX,Monthly,Japan,"Consumer Price Index, All items"
462,monthly,IMF,CPI,Consumer Price Index (CPI),M.JP.PCPI_IX,"Monthly – Japan – Consumer Price Index, All items",1988-07,1988-07-01,84.6814507772021,84.6814507772021,M,JP,PCPI_IX,Monthly,Japan,"Consumer Price Index, All items"
463,monthly,IMF,CPI,Consumer Price Index (CPI),M.JP.PCPI_IX,"Monthly – Japan – Consumer Price Index, All items",1988-08,1988-08-01,84.9761658031088,84.9761658031088,M,JP,PCPI_IX,Monthly,Japan,"Consumer Price Index, All items"
464,monthly,IMF,CPI,Consumer Price Index (CPI),M.JP.PCPI_IX,"Monthly – Japan – Consumer Price Index, All items",1988-09,1988-09-01,85.5655958549223,85.5655958549223,M,JP,PCPI_IX,Monthly,Japan,"Consumer Price Index, All items"
465,monthly,IMF,CPI,Consumer Price Index (CPI),M.JP.PCPI_IX,"Monthly – Japan – Consumer Price Index, All items",1988-10,1988-10-01,86.0567875647668,86.0567875647668,M,JP,PCPI_IX,Monthly,Japan,"Consumer Price Index, All items"
466,monthly,IMF,CPI,Consumer Price Index (CPI),M.JP.PCPI_IX,"Monthly – Japan – Consumer Price Index, All items",1988-11,1988-11-01,85.6638341968912,85.6638341968912,M,JP,PCPI_IX,Monthly,Japan,"Consumer Price Index, All items"
467,monthly,IMF,CPI,Consumer Price Index (CPI),M.JP.PCPI_IX,"Monthly – Japan – Consumer Price Index, All items",1988-12,1988-12-01,85.4673575129534,85.4673575129534,M,JP,PCPI_IX,Monthly,Japan,"Consumer Price Index, All items"
468,monthly,IMF,CPI,Consumer Price Index (CPI),M.JP.PCPI_IX,"Monthly – Japan – Consumer Price Index, All items",1989-01,1989-01-01,85.2708808290156,85.2708808290156,M,JP,PCPI_IX,Monthly,Japan,"Consumer Price Index, All items"
469,monthly,IMF,CPI,Consumer Price Index (CPI),M.JP.PCPI_IX,"Monthly – Japan – Consumer Price Index, All items",1989-02,1989-02-01,84.9761658031088,84.9761658031088,M,JP,PCPI_IX,Monthly,Japan,"Consumer Price Index, All items"
470,monthly,IMF,CPI,Consumer Price Index (CPI),M.JP.PCPI_IX,"Monthly – Japan – Consumer Price Index, All items",1989-03,1989-03-01,85.4673575129534,85.4673575129534,M,JP,PCPI_IX,Monthly,Japan,"Consumer Price Index, All items"
471,monthly,IMF,CPI,Consumer Price Index (CPI),M.JP.PCPI_IX,"Monthly – Japan – Consumer Price Index, All items",1989-04,1989-04-01,86.9409326424871,86.9409326424871,M,JP,PCPI_IX,Monthly,Japan,"Consumer Price Index, All items"
472,monthly,IMF,CPI,Consumer Price Index (CPI),M.JP.PCPI_IX,"Monthly – Japan – Consumer Price Index, All items",1989-05,1989-05-01,87.4321243523316,87.4321243523316,M,JP,PCPI_IX,Monthly,Japan,"Consumer Price Index, All items"
473,monthly,IMF,CPI,Consumer Price Index (CPI),M.JP.PCPI_IX,"Monthly – Japan – Consumer Price Index, All items",1989-06,1989-06-01,87.3338860103627,87.3338860103627,M,JP,PCPI_IX,Monthly,Japan,"Consumer Price Index, All items"
474,monthly,IMF,CPI,Consumer Price Index (CPI),M.JP.PCPI_IX,"Monthly – Japan – Consumer Price Index, All items",1989-07,1989-07-01,87.2356476683938,87.2356476683938,M,JP,PCPI_IX,Monthly,Japan,"Consumer Price Index, All items"
475,monthly,IMF,CPI,Consumer Price Index (CPI),M.JP.PCPI_IX,"Monthly – Japan – Consumer Price Index, All items",1989-08,1989-08-01,87.1374093264249,87.1374093264249,M,JP,PCPI_IX,Monthly,Japan,"Consumer Price Index, All items"
476,monthly,IMF,CPI,Consumer Price Index (CPI),M.JP.PCPI_IX,"Monthly – Japan – Consumer Price Index, All items",1989-09,1989-09-01,87.8250777202073,87.8250777202073,M,JP,PCPI_IX,Monthly,Japan,"Consumer Price Index, All items"
477,monthly,IMF,CPI,Consumer Price Index (CPI),M.JP.PCPI_IX,"Monthly – Japan – Consumer Price Index, All items",1989-10,1989-10-01,88.5127461139896,88.5127461139896,M,JP,PCPI_IX,Monthly,Japan,"Consumer Price Index, All items"
478,monthly,IMF,CPI,Consumer Price Index (CPI),M.JP.PCPI_IX,"Monthly – Japan – Consumer Price Index, All items",1989-11,1989-11-01,87.6286010362694,87.6286010362694,M,JP,PCPI_IX,Monthly,Japan,"Consumer Price Index, All items"
479,monthly,IMF,CPI,Consumer Price Index (CPI),M.JP.PCPI_IX,"Monthly – Japan – Consumer Price Index, All items",1989-12,1989-12-01,87.7268393782383,87.7268393782383,M,JP,PCPI_IX,Monthly,Japan,"Consumer Price Index, All items"
480,monthly,IMF,CPI,Consumer Price Index (CPI),M.JP.PCPI_IX,"Monthly – Japan – Consumer Price Index, All items",1990-01,1990-01-01,88.119792746114,88.119792746114,M,JP,PCPI_IX,Monthly,Japan,"Consumer Price Index, All items"
481,monthly,IMF,CPI,Consumer Price Index (CPI),M.JP.PCPI_IX,"Monthly – Japan – Consumer Price Index, All items",1990-02,1990-02-01,88.2180310880829,88.2180310880829,M,JP,PCPI_IX,Monthly,Japan,"Consumer Price Index, All items"
482,monthly,IMF,CPI,Consumer Price Index (CPI),M.JP.PCPI_IX,"Monthly – Japan – Consumer Price Index, All items",1990-03,1990-03-01,88.5127461139896,88.5127461139896,M,JP,PCPI_IX,Monthly,Japan,"Consumer Price Index, All items"
483,monthly,IMF,CPI,Consumer Price Index (CPI),M.JP.PCPI_IX,"Monthly – Japan – Consumer Price Index, All items",1990-04,1990-04-01,89.2986528497409,89.2986528497409,M,JP,PCPI_IX,Monthly,Japan,"Consumer Price Index, All items"
484,monthly,IMF,CPI,Consumer Price Index (CPI),M.JP.PCPI_IX,"Monthly – Japan – Consumer Price Index, All items",1990-05,1990-05-01,89.6916062176166,89.6916062176166,M,JP,PCPI_IX,Monthly,Japan,"Consumer Price Index, All items"
485,monthly,IMF,CPI,Consumer Price Index (CPI),M.JP.PCPI_IX,"Monthly – Japan – Consumer Price Index, All items",1990-06,1990-06-01,89.3968911917099,89.3968911917099,M,JP,PCPI_IX,Monthly,Japan,"Consumer Price Index, All items"
486,monthly,IMF,CPI,Consumer Price Index (CPI),M.JP.PCPI_IX,"Monthly – Japan – Consumer Price Index, All items",1990-07,1990-07-01,89.200414507772,89.200414507772,M,JP,PCPI_IX,Monthly,Japan,"Consumer Price Index, All items"
487,monthly,IMF,CPI,Consumer Price Index (CPI),M.JP.PCPI_IX,"Monthly – Japan – Consumer Price Index, All items",1990-08,1990-08-01,89.5933678756477,89.5933678756477,M,JP,PCPI_IX,Monthly,Japan,"Consumer Price Index, All items"
488,monthly,IMF,CPI,Consumer Price Index (CPI),M.JP.PCPI_IX,"Monthly – Japan – Consumer Price Index, All items",1990-09,1990-09-01,90.28103626943,90.28103626943,M,JP,PCPI_IX,Monthly,Japan,"Consumer Price Index, All items"
489,monthly,IMF,CPI,Consumer Price Index (CPI),M.JP.PCPI_IX,"Monthly – Japan – Consumer Price Index, All items",1990-10,1990-10-01,91.2634196891192,91.2634196891192,M,JP,PCPI_IX,Monthly,Japan,"Consumer Price Index, All items"
490,monthly,IMF,CPI,Consumer Price Index (CPI),M.JP.PCPI_IX,"Monthly – Japan – Consumer Price Index, All items",1990-11,1990-11-01,91.0669430051813,91.0669430051813,M,JP,PCPI_IX,Monthly,Japan,"Consumer Price Index, All items"
491,monthly,IMF,CPI,Consumer Price Index (CPI),M.JP.PCPI_IX,"Monthly – Japan – Consumer Price Index, All items",1990-12,1990-12-01,90.9687046632124,90.9687046632124,M,JP,PCPI_IX,Monthly,Japan,"Consumer Price Index, All items"
492,monthly,IMF,CPI,Consumer Price Index (CPI),M.JP.PCPI_IX,"Monthly – Japan – Consumer Price Index, All items",1991-01,1991-01-01,91.5581347150259,91.5581347150259,M,JP,PCPI_IX,Monthly,Japan,"Consumer Price Index, All items"
493,monthly,IMF,CPI,Consumer Price Index (CPI),M.JP.PCPI_IX,"Monthly – Japan – Consumer Price Index, All items",1991-02,1991-02-01,91.3616580310881,91.3616580310881,M,JP,PCPI_IX,Monthly,Japan,"Consumer Price Index, All items"
494,monthly,IMF,CPI,Consumer Price Index (CPI),M.JP.PCPI_IX,"Monthly – Japan – Consumer Price Index, All items",1991-03,1991-03-01,91.7546113989637,91.7546113989637,M,JP,PCPI_IX,Monthly,Japan,"Consumer Price Index, All items"
495,monthly,IMF,CPI,Consumer Price Index (CPI),M.JP.PCPI_IX,"Monthly – Japan – Consumer Price Index, All items",1991-04,1991-04-01,92.3440414507772,92.3440414507772,M,JP,PCPI_IX,Monthly,Japan,"Consumer Price Index, All items"
496,monthly,IMF,CPI,Consumer Price Index (CPI),M.JP.PCPI_IX,"Monthly – Japan – Consumer Price Index, All items",1991-05,1991-05-01,92.7369948186528,92.7369948186528,M,JP,PCPI_IX,Monthly,Japan,"Consumer Price Index, All items"
497,monthly,IMF,CPI,Consumer Price Index (CPI),M.JP.PCPI_IX,"Monthly – Japan – Consumer Price Index, All items",1991-06,1991-06-01,92.4422797927461,92.4422797927461,M,JP,PCPI_IX,Monthly,Japan,"Consumer Price Index, All items"
498,monthly,IMF,CPI,Consumer Price Index (CPI),M.JP.PCPI_IX,"Monthly – Japan – Consumer Price Index, All items",1991-07,1991-07-01,92.3440414507772,92.3440414507772,M,JP,PCPI_IX,Monthly,Japan,"Consumer Price Index, All items"
499,monthly,IMF,CPI,Consumer Price Index (CPI),M.JP.PCPI_IX,"Monthly – Japan – Consumer Price Index, All items",1991-08,1991-08-01,92.540518134715,92.540518134715,M,JP,PCPI_IX,Monthly,Japan,"Consumer Price Index, All items"
500,monthly,IMF,CPI,Consumer Price Index (CPI),M.JP.PCPI_IX,"Monthly – Japan – Consumer Price Index, All items",1991-09,1991-09-01,92.6387564766839,92.6387564766839,M,JP,PCPI_IX,Monthly,Japan,"Consumer Price Index, All items"
501,monthly,IMF,CPI,Consumer Price Index (CPI),M.JP.PCPI_IX,"Monthly – Japan – Consumer Price Index, All items",1991-10,1991-10-01,93.6211398963731,93.6211398963731,M,JP,PCPI_IX,Monthly,Japan,"Consumer Price Index, All items"
502,monthly,IMF,CPI,Consumer Price Index (CPI),M.JP.PCPI_IX,"Monthly – Japan – Consumer Price Index, All items",1991-11,1991-11-01,93.8176165803109,93.8176165803109,M,JP,PCPI_IX,Monthly,Japan,"Consumer Price Index, All items"
503,monthly,IMF,CPI,Consumer Price Index (CPI),M.JP.PCPI_IX,"Monthly – Japan – Consumer Price Index, All items",1991-12,1991-12-01,93.4246632124352,93.4246632124352,M,JP,PCPI_IX,Monthly,Japan,"Consumer Price Index, All items"
504,monthly,IMF,CPI,Consumer Price Index (CPI),M.JP.PCPI_IX,"Monthly – Japan – Consumer Price Index, All items",1992-01,1992-01-01,93.2281865284974,93.2281865284974,M,JP,PCPI_IX,Monthly,Japan,"Consumer Price Index, All items"
505,monthly,IMF,CPI,Consumer Price Index (CPI),M.JP.PCPI_IX,"Monthly – Japan – Consumer Price Index, All items",1992-02,1992-02-01,93.1299481865285,93.1299481865285,M,JP,PCPI_IX,Monthly,Japan,"Consumer Price Index, All items"
506,monthly,IMF,CPI,Consumer Price Index (CPI),M.JP.PCPI_IX,"Monthly – Japan – Consumer Price Index, All items",1992-03,1992-03-01,93.6211398963731,93.6211398963731,M,JP,PCPI_IX,Monthly,Japan,"Consumer Price Index, All items"
507,monthly,IMF,CPI,Consumer Price Index (CPI),M.JP.PCPI_IX,"Monthly – Japan – Consumer Price Index, All items",1992-04,1992-04-01,94.6035233160622,94.6035233160622,M,JP,PCPI_IX,Monthly,Japan,"Consumer Price Index, All items"
508,monthly,IMF,CPI,Consumer Price Index (CPI),M.JP.PCPI_IX,"Monthly – Japan – Consumer Price Index, All items",1992-05,1992-05-01,94.7017616580311,94.7017616580311,M,JP,PCPI_IX,Monthly,Japan,"Consumer Price Index, All items"
509,monthly,IMF,CPI,Consumer Price Index (CPI),M.JP.PCPI_IX,"Monthly – Japan – Consumer Price Index, All items",1992-06,1992-06-01,94.6035233160622,94.6035233160622,M,JP,PCPI_IX,Monthly,Japan,"Consumer Price Index, All items"
510,monthly,IMF,CPI,Consumer Price Index (CPI),M.JP.PCPI_IX,"Monthly – Japan – Consumer Price Index, All items",1992-07,1992-07-01,93.8176165803109,93.8176165803109,M,JP,PCPI_IX,Monthly,Japan,"Consumer Price Index, All items"
511,monthly,IMF,CPI,Consumer Price Index (CPI),M.JP.PCPI_IX,"Monthly – Japan – Consumer Price Index, All items",1992-08,1992-08-01,94.1123316062176,94.1123316062176,M,JP,PCPI_IX,Monthly,Japan,"Consumer Price Index, All items"
512,monthly,IMF,CPI,Consumer Price Index (CPI),M.JP.PCPI_IX,"Monthly – Japan – Consumer Price Index, All items",1992-09,1992-09-01,94.6035233160622,94.6035233160622,M,JP,PCPI_IX,Monthly,Japan,"Consumer Price Index, All items"
513,monthly,IMF,CPI,Consumer Price Index (CPI),M.JP.PCPI_IX,"Monthly – Japan – Consumer Price Index, All items",1992-10,1992-10-01,94.7017616580311,94.7017616580311,M,JP,PCPI_IX,Monthly,Japan,"Consumer Price Index, All items"
514,monthly,IMF,CPI,Consumer Price Index (CPI),M.JP.PCPI_IX,"Monthly – Japan – Consumer Price Index, All items",1992-11,1992-11-01,94.5052849740933,94.5052849740933,M,JP,PCPI_IX,Monthly,Japan,"Consumer Price Index, All items"
515,monthly,IMF,CPI,Consumer Price Index (CPI),M.JP.PCPI_IX,"Monthly – Japan – Consumer Price Index, All items",1992-12,1992-12-01,94.5052849740933,94.5052849740933,M,JP,PCPI_IX,Monthly,Japan,"Consumer Price Index, All items"
516,monthly,IMF,CPI,Consumer Price Index (CPI),M.JP.PCPI_IX,"Monthly – Japan – Consumer Price Index, All items",1993-01,1993-01-01,94.4070466321244,94.4070466321244,M,JP,PCPI_IX,Monthly,Japan,"Consumer Price Index, All items"
517,monthly,IMF,CPI,Consumer Price Index (CPI),M.JP.PCPI_IX,"Monthly – Japan – Consumer Price Index, All items",1993-02,1993-02-01,94.5052849740933,94.5052849740933,M,JP,PCPI_IX,Monthly,Japan,"Consumer Price Index, All items"
518,monthly,IMF,CPI,Consumer Price Index (CPI),M.JP.PCPI_IX,"Monthly – Japan – Consumer Price Index, All items",1993-03,1993-03-01,94.7017616580311,94.7017616580311,M,JP,PCPI_IX,Monthly,Japan,"Consumer Price Index, All items"
519,monthly,IMF,CPI,Consumer Price Index (CPI),M.JP.PCPI_IX,"Monthly – Japan – Consumer Price Index, All items",1993-04,1993-04-01,95.3894300518135,95.3894300518135,M,JP,PCPI_IX,Monthly,Japan,"Consumer Price Index, All items"
520,monthly,IMF,CPI,Consumer Price Index (CPI),M.JP.PCPI_IX,"Monthly – Japan – Consumer Price Index, All items",1993-05,1993-05-01,95.4876683937824,95.4876683937824,M,JP,PCPI_IX,Monthly,Japan,"Consumer Price Index, All items"
521,monthly,IMF,CPI,Consumer Price Index (CPI),M.JP.PCPI_IX,"Monthly – Japan – Consumer Price Index, All items",1993-06,1993-06-01,95.3894300518135,95.3894300518135,M,JP,PCPI_IX,Monthly,Japan,"Consumer Price Index, All items"
522,monthly,IMF,CPI,Consumer Price Index (CPI),M.JP.PCPI_IX,"Monthly – Japan – Consumer Price Index, All items",1993-07,1993-07-01,95.6841450777202,95.6841450777202,M,JP,PCPI_IX,Monthly,Japan,"Consumer Price Index, All items"
523,monthly,IMF,CPI,Consumer Price Index (CPI),M.JP.PCPI_IX,"Monthly – Japan – Consumer Price Index, All items",1993-08,1993-08-01,95.880621761658,95.880621761658,M,JP,PCPI_IX,Monthly,Japan,"Consumer Price Index, All items"
524,monthly,IMF,CPI,Consumer Price Index (CPI),M.JP.PCPI_IX,"Monthly – Japan – Consumer Price Index, All items",1993-09,1993-09-01,95.978860103627,95.978860103627,M,JP,PCPI_IX,Monthly,Japan,"Consumer Price Index, All items"
525,monthly,IMF,CPI,Consumer Price Index (CPI),M.JP.PCPI_IX,"Monthly – Japan – Consumer Price Index, All items",1993-10,1993-10-01,95.880621761658,95.880621761658,M,JP,PCPI_IX,Monthly,Japan,"Consumer Price Index, All items"
526,monthly,IMF,CPI,Consumer Price Index (CPI),M.JP.PCPI_IX,"Monthly – Japan – Consumer Price Index, All items",1993-11,1993-11-01,95.3894300518135,95.3894300518135,M,JP,PCPI_IX,Monthly,Japan,"Consumer Price Index, All items"
527,monthly,IMF,CPI,Consumer Price Index (CPI),M.JP.PCPI_IX,"Monthly – Japan – Consumer Price Index, All items",1993-12,1993-12-01,95.4876683937824,95.4876683937824,M,JP,PCPI_IX,Monthly,Japan,"Consumer Price Index, All items"
528,monthly,IMF,CPI,Consumer Price Index (CPI),M.JP.PCPI_IX,"Monthly – Japan – Consumer Price Index, All items",1994-01,1994-01-01,95.5859067357513,95.5859067357513,M,JP,PCPI_IX,Monthly,Japan,"Consumer Price Index, All items"
529,monthly,IMF,CPI,Consumer Price Index (CPI),M.JP.PCPI_IX,"Monthly – Japan – Consumer Price Index, All items",1994-02,1994-02-01,95.5859067357513,95.5859067357513,M,JP,PCPI_IX,Monthly,Japan,"Consumer Price Index, All items"
530,monthly,IMF,CPI,Consumer Price Index (CPI),M.JP.PCPI_IX,"Monthly – Japan – Consumer Price Index, All items",1994-03,1994-03-01,95.978860103627,95.978860103627,M,JP,PCPI_IX,Monthly,Japan,"Consumer Price Index, All items"
531,monthly,IMF,CPI,Consumer Price Index (CPI),M.JP.PCPI_IX,"Monthly – Japan – Consumer Price Index, All items",1994-04,1994-04-01,96.1753367875648,96.1753367875648,M,JP,PCPI_IX,Monthly,Japan,"Consumer Price Index, All items"
532,monthly,IMF,CPI,Consumer Price Index (CPI),M.JP.PCPI_IX,"Monthly – Japan – Consumer Price Index, All items",1994-05,1994-05-01,96.2735751295337,96.2735751295337,M,JP,PCPI_IX,Monthly,Japan,"Consumer Price Index, All items"
533,monthly,IMF,CPI,Consumer Price Index (CPI),M.JP.PCPI_IX,"Monthly – Japan – Consumer Price Index, All items",1994-06,1994-06-01,95.880621761658,95.880621761658,M,JP,PCPI_IX,Monthly,Japan,"Consumer Price Index, All items"
534,monthly,IMF,CPI,Consumer Price Index (CPI),M.JP.PCPI_IX,"Monthly – Japan – Consumer Price Index, All items",1994-07,1994-07-01,95.4876683937824,95.4876683937824,M,JP,PCPI_IX,Monthly,Japan,"Consumer Price Index, All items"
535,monthly,IMF,CPI,Consumer Price Index (CPI),M.JP.PCPI_IX,"Monthly – Japan – Consumer Price Index, All items",1994-08,1994-08-01,95.880621761658,95.880621761658,M,JP,PCPI_IX,Monthly,Japan,"Consumer Price Index, All items"
536,monthly,IMF,CPI,Consumer Price Index (CPI),M.JP.PCPI_IX,"Monthly – Japan – Consumer Price Index, All items",1994-09,1994-09-01,96.1753367875648,96.1753367875648,M,JP,PCPI_IX,Monthly,Japan,"Consumer Price Index, All items"
537,monthly,IMF,CPI,Consumer Price Index (CPI),M.JP.PCPI_IX,"Monthly – Japan – Consumer Price Index, All items",1994-10,1994-10-01,96.6665284974093,96.6665284974093,M,JP,PCPI_IX,Monthly,Japan,"Consumer Price Index, All items"
538,monthly,IMF,CPI,Consumer Price Index (CPI),M.JP.PCPI_IX,"Monthly – Japan – Consumer Price Index, All items",1994-11,1994-11-01,96.3718134715026,96.3718134715026,M,JP,PCPI_IX,Monthly,Japan,"Consumer Price Index, All items"
539,monthly,IMF,CPI,Consumer Price Index (CPI),M.JP.PCPI_IX,"Monthly – Japan – Consumer Price Index, All items",1994-12,1994-12-01,96.0770984455959,96.0770984455959,M,JP,PCPI_IX,Monthly,Japan,"Consumer Price Index, All items"
540,monthly,IMF,CPI,Consumer Price Index (CPI),M.JP.PCPI_IX,"Monthly – Japan – Consumer Price Index, All items",1995-01,1995-01-01,96.0770984455959,96.0770984455959,M,JP,PCPI_IX,Monthly,Japan,"Consumer Price Index, All items"
541,monthly,IMF,CPI,Consumer Price Index (CPI),M.JP.PCPI_IX,"Monthly – Japan – Consumer Price Index, All items",1995-02,1995-02-01,95.7823834196891,95.7823834196891,M,JP,PCPI_IX,Monthly,Japan,"Consumer Price Index, All items"
542,monthly,IMF,CPI,Consumer Price Index (CPI),M.JP.PCPI_IX,"Monthly – Japan – Consumer Price Index, All items",1995-03,1995-03-01,95.6841450777202,95.6841450777202,M,JP,PCPI_IX,Monthly,Japan,"Consumer Price Index, All items"
543,monthly,IMF,CPI,Consumer Price Index (CPI),M.JP.PCPI_IX,"Monthly – Japan – Consumer Price Index, All items",1995-04,1995-04-01,95.978860103627,95.978860103627,M,JP,PCPI_IX,Monthly,Japan,"Consumer Price Index, All items"
544,monthly,IMF,CPI,Consumer Price Index (CPI),M.JP.PCPI_IX,"Monthly – Japan – Consumer Price Index, All items",1995-05,1995-05-01,96.1753367875648,96.1753367875648,M,JP,PCPI_IX,Monthly,Japan,"Consumer Price Index, All items"
545,monthly,IMF,CPI,Consumer Price Index (CPI),M.JP.PCPI_IX,"Monthly – Japan – Consumer Price Index, All items",1995-06,1995-06-01,96.0770984455959,96.0770984455959,M,JP,PCPI_IX,Monthly,Japan,"Consumer Price Index, All items"
546,monthly,IMF,CPI,Consumer Price Index (CPI),M.JP.PCPI_IX,"Monthly – Japan – Consumer Price Index, All items",1995-07,1995-07-01,95.5859067357513,95.5859067357513,M,JP,PCPI_IX,Monthly,Japan,"Consumer Price Index, All items"
547,monthly,IMF,CPI,Consumer Price Index (CPI),M.JP.PCPI_IX,"Monthly – Japan – Consumer Price Index, All items",1995-08,1995-08-01,95.6841450777202,95.6841450777202,M,JP,PCPI_IX,Monthly,Japan,"Consumer Price Index, All items"
548,monthly,IMF,CPI,Consumer Price Index (CPI),M.JP.PCPI_IX,"Monthly – Japan – Consumer Price Index, All items",1995-09,1995-09-01,96.2735751295337,96.2735751295337,M,JP,PCPI_IX,Monthly,Japan,"Consumer Price Index, All items"
549,monthly,IMF,CPI,Consumer Price Index (CPI),M.JP.PCPI_IX,"Monthly – Japan – Consumer Price Index, All items",1995-10,1995-10-01,95.978860103627,95.978860103627,M,JP,PCPI_IX,Monthly,Japan,"Consumer Price Index, All items"
550,monthly,IMF,CPI,Consumer Price Index (CPI),M.JP.PCPI_IX,"Monthly – Japan – Consumer Price Index, All items",1995-11,1995-11-01,95.6841450777202,95.6841450777202,M,JP,PCPI_IX,Monthly,Japan,"Consumer Price Index, All items"
551,monthly,IMF,CPI,Consumer Price Index (CPI),M.JP.PCPI_IX,"Monthly – Japan – Consumer Price Index, All items",1995-12,1995-12-01,95.6841450777202,95.6841450777202,M,JP,PCPI_IX,Monthly,Japan,"Consumer Price Index, All items"
552,monthly,IMF,CPI,Consumer Price Index (CPI),M.JP.PCPI_IX,"Monthly – Japan – Consumer Price Index, All items",1996-01,1996-01-01,95.5859067357513,95.5859067357513,M,JP,PCPI_IX,Monthly,Japan,"Consumer Price Index, All items"
553,monthly,IMF,CPI,Consumer Price Index (CPI),M.JP.PCPI_IX,"Monthly – Japan – Consumer Price Index, All items",1996-02,1996-02-01,95.3894300518135,95.3894300518135,M,JP,PCPI_IX,Monthly,Japan,"Consumer Price Index, All items"
554,monthly,IMF,CPI,Consumer Price Index (CPI),M.JP.PCPI_IX,"Monthly – Japan – Consumer Price Index, All items",1996-03,1996-03-01,95.5859067357513,95.5859067357513,M,JP,PCPI_IX,Monthly,Japan,"Consumer Price Index, All items"
555,monthly,IMF,CPI,Consumer Price Index (CPI),M.JP.PCPI_IX,"Monthly – Japan – Consumer Price Index, All items",1996-04,1996-04-01,96.1753367875648,96.1753367875648,M,JP,PCPI_IX,Monthly,Japan,"Consumer Price Index, All items"
556,monthly,IMF,CPI,Consumer Price Index (CPI),M.JP.PCPI_IX,"Monthly – Japan – Consumer Price Index, All items",1996-05,1996-05-01,96.3718134715026,96.3718134715026,M,JP,PCPI_IX,Monthly,Japan,"Consumer Price Index, All items"
557,monthly,IMF,CPI,Consumer Price Index (CPI),M.JP.PCPI_IX,"Monthly – Japan – Consumer Price Index, All items",1996-06,1996-06-01,96.0770984455959,96.0770984455959,M,JP,PCPI_IX,Monthly,Japan,"Consumer Price Index, All items"
558,monthly,IMF,CPI,Consumer Price Index (CPI),M.JP.PCPI_IX,"Monthly – Japan – Consumer Price Index, All items",1996-07,1996-07-01,95.978860103627,95.978860103627,M,JP,PCPI_IX,Monthly,Japan,"Consumer Price Index, All items"
559,monthly,IMF,CPI,Consumer Price Index (CPI),M.JP.PCPI_IX,"Monthly – Japan – Consumer Price Index, All items",1996-08,1996-08-01,95.880621761658,95.880621761658,M,JP,PCPI_IX,Monthly,Japan,"Consumer Price Index, All items"
560,monthly,IMF,CPI,Consumer Price Index (CPI),M.JP.PCPI_IX,"Monthly – Japan – Consumer Price Index, All items",1996-09,1996-09-01,96.2735751295337,96.2735751295337,M,JP,PCPI_IX,Monthly,Japan,"Consumer Price Index, All items"
561,monthly,IMF,CPI,Consumer Price Index (CPI),M.JP.PCPI_IX,"Monthly – Japan – Consumer Price Index, All items",1996-10,1996-10-01,96.4700518134715,96.4700518134715,M,JP,PCPI_IX,Monthly,Japan,"Consumer Price Index, All items"
562,monthly,IMF,CPI,Consumer Price Index (CPI),M.JP.PCPI_IX,"Monthly – Japan – Consumer Price Index, All items",1996-11,1996-11-01,96.1753367875648,96.1753367875648,M,JP,PCPI_IX,Monthly,Japan,"Consumer Price Index, All items"
563,monthly,IMF,CPI,Consumer Price Index (CPI),M.JP.PCPI_IX,"Monthly – Japan – Consumer Price Index, All items",1996-12,1996-12-01,96.2735751295337,96.2735751295337,M,JP,PCPI_IX,Monthly,Japan,"Consumer Price Index, All items"
564,monthly,IMF,CPI,Consumer Price Index (CPI),M.JP.PCPI_IX,"Monthly – Japan – Consumer Price Index, All items",1997-01,1997-01-01,96.1753367875648,96.1753367875648,M,JP,PCPI_IX,Monthly,Japan,"Consumer Price Index, All items"
565,monthly,IMF,CPI,Consumer Price Index (CPI),M.JP.PCPI_IX,"Monthly – Japan – Consumer Price Index, All items",1997-02,1997-02-01,95.978860103627,95.978860103627,M,JP,PCPI_IX,Monthly,Japan,"Consumer Price Index, All items"
566,monthly,IMF,CPI,Consumer Price Index (CPI),M.JP.PCPI_IX,"Monthly – Japan – Consumer Price Index, All items",1997-03,1997-03-01,96.0770984455959,96.0770984455959,M,JP,PCPI_IX,Monthly,Japan,"Consumer Price Index, All items"
567,monthly,IMF,CPI,Consumer Price Index (CPI),M.JP.PCPI_IX,"Monthly – Japan – Consumer Price Index, All items",1997-04,1997-04-01,98.0418652849741,98.0418652849741,M,JP,PCPI_IX,Monthly,Japan,"Consumer Price Index, All items"
568,monthly,IMF,CPI,Consumer Price Index (CPI),M.JP.PCPI_IX,"Monthly – Japan – Consumer Price Index, All items",1997-05,1997-05-01,98.2383419689119,98.2383419689119,M,JP,PCPI_IX,Monthly,Japan,"Consumer Price Index, All items"
569,monthly,IMF,CPI,Consumer Price Index (CPI),M.JP.PCPI_IX,"Monthly – Japan – Consumer Price Index, All items",1997-06,1997-06-01,98.2383419689119,98.2383419689119,M,JP,PCPI_IX,Monthly,Japan,"Consumer Price Index, All items"
570,monthly,IMF,CPI,Consumer Price Index (CPI),M.JP.PCPI_IX,"Monthly – Japan – Consumer Price Index, All items",1997-07,1997-07-01,97.8453886010363,97.8453886010363,M,JP,PCPI_IX,Monthly,Japan,"Consumer Price Index, All items"
571,monthly,IMF,CPI,Consumer Price Index (CPI),M.JP.PCPI_IX,"Monthly – Japan – Consumer Price Index, All items",1997-08,1997-08-01,97.9436269430052,97.9436269430052,M,JP,PCPI_IX,Monthly,Japan,"Consumer Price Index, All items"
572,monthly,IMF,CPI,Consumer Price Index (CPI),M.JP.PCPI_IX,"Monthly – Japan – Consumer Price Index, All items",1997-09,1997-09-01,98.6312953367876,98.6312953367876,M,JP,PCPI_IX,Monthly,Japan,"Consumer Price Index, All items"
573,monthly,IMF,CPI,Consumer Price Index (CPI),M.JP.PCPI_IX,"Monthly – Japan – Consumer Price Index, All items",1997-10,1997-10-01,98.9260103626943,98.9260103626943,M,JP,PCPI_IX,Monthly,Japan,"Consumer Price Index, All items"
574,monthly,IMF,CPI,Consumer Price Index (CPI),M.JP.PCPI_IX,"Monthly – Japan – Consumer Price Index, All items",1997-11,1997-11-01,98.2383419689119,98.2383419689119,M,JP,PCPI_IX,Monthly,Japan,"Consumer Price Index, All items"
575,monthly,IMF,CPI,Consumer Price Index (CPI),M.JP.PCPI_IX,"Monthly – Japan – Consumer Price Index, All items",1997-12,1997-12-01,98.0418652849741,98.0418652849741,M,JP,PCPI_IX,Monthly,Japan,"Consumer Price Index, All items"
576,monthly,IMF,CPI,Consumer Price Index (CPI),M.JP.PCPI_IX,"Monthly – Japan – Consumer Price Index, All items",1998-01,1998-01-01,97.9436269430052,97.9436269430052,M,JP,PCPI_IX,Monthly,Japan,"Consumer Price Index, All items"
577,monthly,IMF,CPI,Consumer Price Index (CPI),M.JP.PCPI_IX,"Monthly – Japan – Consumer Price Index, All items",1998-02,1998-02-01,97.8453886010363,97.8453886010363,M,JP,PCPI_IX,Monthly,Japan,"Consumer Price Index, All items"
578,monthly,IMF,CPI,Consumer Price Index (CPI),M.JP.PCPI_IX,"Monthly – Japan – Consumer Price Index, All items",1998-03,1998-03-01,98.2383419689119,98.2383419689119,M,JP,PCPI_IX,Monthly,Japan,"Consumer Price Index, All items"
579,monthly,IMF,CPI,Consumer Price Index (CPI),M.JP.PCPI_IX,"Monthly – Japan – Consumer Price Index, All items",1998-04,1998-04-01,98.4348186528497,98.4348186528497,M,JP,PCPI_IX,Monthly,Japan,"Consumer Price Index, All items"
580,monthly,IMF,CPI,Consumer Price Index (CPI),M.JP.PCPI_IX,"Monthly – Japan – Consumer Price Index, All items",1998-05,1998-05-01,98.7295336787565,98.7295336787565,M,JP,PCPI_IX,Monthly,Japan,"Consumer Price Index, All items"
581,monthly,IMF,CPI,Consumer Price Index (CPI),M.JP.PCPI_IX,"Monthly – Japan – Consumer Price Index, All items",1998-06,1998-06-01,98.3365803108808,98.3365803108808,M,JP,PCPI_IX,Monthly,Japan,"Consumer Price Index, All items"
582,monthly,IMF,CPI,Consumer Price Index (CPI),M.JP.PCPI_IX,"Monthly – Japan – Consumer Price Index, All items",1998-07,1998-07-01,97.7471502590674,97.7471502590674,M,JP,PCPI_IX,Monthly,Japan,"Consumer Price Index, All items"
583,monthly,IMF,CPI,Consumer Price Index (CPI),M.JP.PCPI_IX,"Monthly – Japan – Consumer Price Index, All items",1998-08,1998-08-01,97.6489119170984,97.6489119170984,M,JP,PCPI_IX,Monthly,Japan,"Consumer Price Index, All items"
584,monthly,IMF,CPI,Consumer Price Index (CPI),M.JP.PCPI_IX,"Monthly – Japan – Consumer Price Index, All items",1998-09,1998-09-01,98.4348186528497,98.4348186528497,M,JP,PCPI_IX,Monthly,Japan,"Consumer Price Index, All items"
585,monthly,IMF,CPI,Consumer Price Index (CPI),M.JP.PCPI_IX,"Monthly – Japan – Consumer Price Index, All items",1998-10,1998-10-01,99.1224870466321,99.1224870466321,M,JP,PCPI_IX,Monthly,Japan,"Consumer Price Index, All items"
586,monthly,IMF,CPI,Consumer Price Index (CPI),M.JP.PCPI_IX,"Monthly – Japan – Consumer Price Index, All items",1998-11,1998-11-01,99.0242487046632,99.0242487046632,M,JP,PCPI_IX,Monthly,Japan,"Consumer Price Index, All items"
587,monthly,IMF,CPI,Consumer Price Index (CPI),M.JP.PCPI_IX,"Monthly – Japan – Consumer Price Index, All items",1998-12,1998-12-01,98.6312953367876,98.6312953367876,M,JP,PCPI_IX,Monthly,Japan,"Consumer Price Index, All items"
588,monthly,IMF,CPI,Consumer Price Index (CPI),M.JP.PCPI_IX,"Monthly – Japan – Consumer Price Index, All items",1999-01,1999-01-01,98.140103626943,98.140103626943,M,JP,PCPI_IX,Monthly,Japan,"Consumer Price Index, All items"
589,monthly,IMF,CPI,Consumer Price Index (CPI),M.JP.PCPI_IX,"Monthly – Japan – Consumer Price Index, All items",1999-02,1999-02-01,97.7471502590674,97.7471502590674,M,JP,PCPI_IX,Monthly,Japan,"Consumer Price Index, All items"
590,monthly,IMF,CPI,Consumer Price Index (CPI),M.JP.PCPI_IX,"Monthly – Japan – Consumer Price Index, All items",1999-03,1999-03-01,97.8453886010363,97.8453886010363,M,JP,PCPI_IX,Monthly,Japan,"Consumer Price Index, All items"
591,monthly,IMF,CPI,Consumer Price Index (CPI),M.JP.PCPI_IX,"Monthly – Japan – Consumer Price Index, All items",1999-04,1999-04-01,98.3365803108808,98.3365803108808,M,JP,PCPI_IX,Monthly,Japan,"Consumer Price Index, All items"
592,monthly,IMF,CPI,Consumer Price Index (CPI),M.JP.PCPI_IX,"Monthly – Japan – Consumer Price Index, All items",1999-05,1999-05-01,98.3365803108808,98.3365803108808,M,JP,PCPI_IX,Monthly,Japan,"Consumer Price Index, All items"
593,monthly,IMF,CPI,Consumer Price Index (CPI),M.JP.PCPI_IX,"Monthly – Japan – Consumer Price Index, All items",1999-06,1999-06-01,98.0418652849741,98.0418652849741,M,JP,PCPI_IX,Monthly,Japan,"Consumer Price Index, All items"
594,monthly,IMF,CPI,Consumer Price Index (CPI),M.JP.PCPI_IX,"Monthly – Japan – Consumer Price Index, All items",1999-07,1999-07-01,97.6489119170984,97.6489119170984,M,JP,PCPI_IX,Monthly,Japan,"Consumer Price Index, All items"
595,monthly,IMF,CPI,Consumer Price Index (CPI),M.JP.PCPI_IX,"Monthly – Japan – Consumer Price Index, All items",1999-08,1999-08-01,97.9436269430052,97.9436269430052,M,JP,PCPI_IX,Monthly,Japan,"Consumer Price Index, All items"
596,monthly,IMF,CPI,Consumer Price Index (CPI),M.JP.PCPI_IX,"Monthly – Japan – Consumer Price Index, All items",1999-09,1999-09-01,98.2383419689119,98.2383419689119,M,JP,PCPI_IX,Monthly,Japan,"Consumer Price Index, All items"
597,monthly,IMF,CPI,Consumer Price Index (CPI),M.JP.PCPI_IX,"Monthly – Japan – Consumer Price Index, All items",1999-10,1999-10-01,98.4348186528497,98.4348186528497,M,JP,PCPI_IX,Monthly,Japan,"Consumer Price Index, All items"
598,monthly,IMF,CPI,Consumer Price Index (CPI),M.JP.PCPI_IX,"Monthly – Japan – Consumer Price Index, All items",1999-11,1999-11-01,97.8453886010363,97.8453886010363,M,JP,PCPI_IX,Monthly,Japan,"Consumer Price Index, All items"
599,monthly,IMF,CPI,Consumer Price Index (CPI),M.JP.PCPI_IX,"Monthly – Japan – Consumer Price Index, All items",1999-12,1999-12-01,97.5506735751295,97.5506735751295,M,JP,PCPI_IX,Monthly,Japan,"Consumer Price Index, All items"
600,monthly,IMF,CPI,Consumer Price Index (CPI),M.JP.PCPI_IX,"Monthly – Japan – Consumer Price Index, All items",2000-01,2000-01-01,97.4524352331606,97.4524352331606,M,JP,PCPI_IX,Monthly,Japan,"Consumer Price Index, All items"
601,monthly,IMF,CPI,Consumer Price Index (CPI),M.JP.PCPI_IX,"Monthly – Japan – Consumer Price Index, All items",2000-02,2000-02-01,97.1577202072539,97.1577202072539,M,JP,PCPI_IX,Monthly,Japan,"Consumer Price Index, All items"
602,monthly,IMF,CPI,Consumer Price Index (CPI),M.JP.PCPI_IX,"Monthly – Japan – Consumer Price Index, All items",2000-03,2000-03-01,97.3541968911917,97.3541968911917,M,JP,PCPI_IX,Monthly,Japan,"Consumer Price Index, All items"
603,monthly,IMF,CPI,Consumer Price Index (CPI),M.JP.PCPI_IX,"Monthly – Japan – Consumer Price Index, All items",2000-04,2000-04-01,97.5506735751295,97.5506735751295,M,JP,PCPI_IX,Monthly,Japan,"Consumer Price Index, All items"
604,monthly,IMF,CPI,Consumer Price Index (CPI),M.JP.PCPI_IX,"Monthly – Japan – Consumer Price Index, All items",2000-05,2000-05-01,97.6489119170984,97.6489119170984,M,JP,PCPI_IX,Monthly,Japan,"Consumer Price Index, All items"
605,monthly,IMF,CPI,Consumer Price Index (CPI),M.JP.PCPI_IX,"Monthly – Japan – Consumer Price Index, All items",2000-06,2000-06-01,97.4524352331606,97.4524352331606,M,JP,PCPI_IX,Monthly,Japan,"Consumer Price Index, All items"
606,monthly,IMF,CPI,Consumer Price Index (CPI),M.JP.PCPI_IX,"Monthly – Japan – Consumer Price Index, All items",2000-07,2000-07-01,97.1577202072539,97.1577202072539,M,JP,PCPI_IX,Monthly,Japan,"Consumer Price Index, All items"
607,monthly,IMF,CPI,Consumer Price Index (CPI),M.JP.PCPI_IX,"Monthly – Japan – Consumer Price Index, All items",2000-08,2000-08-01,97.4524352331606,97.4524352331606,M,JP,PCPI_IX,Monthly,Japan,"Consumer Price Index, All items"
608,monthly,IMF,CPI,Consumer Price Index (CPI),M.JP.PCPI_IX,"Monthly – Japan – Consumer Price Index, All items",2000-09,2000-09-01,97.3541968911917,97.3541968911917,M,JP,PCPI_IX,Monthly,Japan,"Consumer Price Index, All items"
609,monthly,IMF,CPI,Consumer Price Index (CPI),M.JP.PCPI_IX,"Monthly – Japan – Consumer Price Index, All items",2000-10,2000-10-01,97.3541968911917,97.3541968911917,M,JP,PCPI_IX,Monthly,Japan,"Consumer Price Index, All items"
610,monthly,IMF,CPI,Consumer Price Index (CPI),M.JP.PCPI_IX,"Monthly – Japan – Consumer Price Index, All items",2000-11,2000-11-01,97.059481865285,97.059481865285,M,JP,PCPI_IX,Monthly,Japan,"Consumer Price Index, All items"
611,monthly,IMF,CPI,Consumer Price Index (CPI),M.JP.PCPI_IX,"Monthly – Japan – Consumer Price Index, All items",2000-12,2000-12-01,97.1577202072539,97.1577202072539,M,JP,PCPI_IX,Monthly,Japan,"Consumer Price Index, All items"
612,monthly,IMF,CPI,Consumer Price Index (CPI),M.JP.PCPI_IX,"Monthly – Japan – Consumer Price Index, All items",2001-01,2001-01-01,97.1577202072539,97.1577202072539,M,JP,PCPI_IX,Monthly,Japan,"Consumer Price Index, All items"
613,monthly,IMF,CPI,Consumer Price Index (CPI),M.JP.PCPI_IX,"Monthly – Japan – Consumer Price Index, All items",2001-02,2001-02-01,96.8630051813471,96.8630051813471,M,JP,PCPI_IX,Monthly,Japan,"Consumer Price Index, All items"
614,monthly,IMF,CPI,Consumer Price Index (CPI),M.JP.PCPI_IX,"Monthly – Japan – Consumer Price Index, All items",2001-03,2001-03-01,96.6665284974093,96.6665284974093,M,JP,PCPI_IX,Monthly,Japan,"Consumer Price Index, All items"
615,monthly,IMF,CPI,Consumer Price Index (CPI),M.JP.PCPI_IX,"Monthly – Japan – Consumer Price Index, All items",2001-04,2001-04-01,96.8630051813471,96.8630051813471,M,JP,PCPI_IX,Monthly,Japan,"Consumer Price Index, All items"
616,monthly,IMF,CPI,Consumer Price Index (CPI),M.JP.PCPI_IX,"Monthly – Japan – Consumer Price Index, All items",2001-05,2001-05-01,96.9612435233161,96.9612435233161,M,JP,PCPI_IX,Monthly,Japan,"Consumer Price Index, All items"
617,monthly,IMF,CPI,Consumer Price Index (CPI),M.JP.PCPI_IX,"Monthly – Japan – Consumer Price Index, All items",2001-06,2001-06-01,96.6665284974093,96.6665284974093,M,JP,PCPI_IX,Monthly,Japan,"Consumer Price Index, All items"
618,monthly,IMF,CPI,Consumer Price Index (CPI),M.JP.PCPI_IX,"Monthly – Japan – Consumer Price Index, All items",2001-07,2001-07-01,96.3718134715026,96.3718134715026,M,JP,PCPI_IX,Monthly,Japan,"Consumer Price Index, All items"
619,monthly,IMF,CPI,Consumer Price Index (CPI),M.JP.PCPI_IX,"Monthly – Japan – Consumer Price Index, All items",2001-08,2001-08-01,96.7647668393782,96.7647668393782,M,JP,PCPI_IX,Monthly,Japan,"Consumer Price Index, All items"
620,monthly,IMF,CPI,Consumer Price Index (CPI),M.JP.PCPI_IX,"Monthly – Japan – Consumer Price Index, All items",2001-09,2001-09-01,96.5682901554404,96.5682901554404,M,JP,PCPI_IX,Monthly,Japan,"Consumer Price Index, All items"
621,monthly,IMF,CPI,Consumer Price Index (CPI),M.JP.PCPI_IX,"Monthly – Japan – Consumer Price Index, All items",2001-10,2001-10-01,96.5682901554404,96.5682901554404,M,JP,PCPI_IX,Monthly,Japan,"Consumer Price Index, All items"
622,monthly,IMF,CPI,Consumer Price Index (CPI),M.JP.PCPI_IX,"Monthly – Japan – Consumer Price Index, All items",2001-11,2001-11-01,96.0770984455959,96.0770984455959,M,JP,PCPI_IX,Monthly,Japan,"Consumer Price Index, All items"
623,monthly,IMF,CPI,Consumer Price Index (CPI),M.JP.PCPI_IX,"Monthly – Japan – Consumer Price Index, All items",2001-12,2001-12-01,95.978860103627,95.978860103627,M,JP,PCPI_IX,Monthly,Japan,"Consumer Price Index, All items"
624,monthly,IMF,CPI,Consumer Price Index (CPI),M.JP.PCPI_IX,"Monthly – Japan – Consumer Price Index, All items",2002-01,2002-01-01,95.7823834196891,95.7823834196891,M,JP,PCPI_IX,Monthly,Japan,"Consumer Price Index, All items"
625,monthly,IMF,CPI,Consumer Price Index (CPI),M.JP.PCPI_IX,"Monthly – Japan – Consumer Price Index, All items",2002-02,2002-02-01,95.2911917098446,95.2911917098446,M,JP,PCPI_IX,Monthly,Japan,"Consumer Price Index, All items"
626,monthly,IMF,CPI,Consumer Price Index (CPI),M.JP.PCPI_IX,"Monthly – Japan – Consumer Price Index, All items",2002-03,2002-03-01,95.4876683937824,95.4876683937824,M,JP,PCPI_IX,Monthly,Japan,"Consumer Price Index, All items"
627,monthly,IMF,CPI,Consumer Price Index (CPI),M.JP.PCPI_IX,"Monthly – Japan – Consumer Price Index, All items",2002-04,2002-04-01,95.7823834196891,95.7823834196891,M,JP,PCPI_IX,Monthly,Japan,"Consumer Price Index, All items"
628,monthly,IMF,CPI,Consumer Price Index (CPI),M.JP.PCPI_IX,"Monthly – Japan – Consumer Price Index, All items",2002-05,2002-05-01,96.0770984455959,96.0770984455959,M,JP,PCPI_IX,Monthly,Japan,"Consumer Price Index, All items"
629,monthly,IMF,CPI,Consumer Price Index (CPI),M.JP.PCPI_IX,"Monthly – Japan – Consumer Price Index, All items",2002-06,2002-06-01,95.978860103627,95.978860103627,M,JP,PCPI_IX,Monthly,Japan,"Consumer Price Index, All items"
630,monthly,IMF,CPI,Consumer Price Index (CPI),M.JP.PCPI_IX,"Monthly – Japan – Consumer Price Index, All items",2002-07,2002-07-01,95.5859067357513,95.5859067357513,M,JP,PCPI_IX,Monthly,Japan,"Consumer Price Index, All items"
631,monthly,IMF,CPI,Consumer Price Index (CPI),M.JP.PCPI_IX,"Monthly – Japan – Consumer Price Index, All items",2002-08,2002-08-01,95.880621761658,95.880621761658,M,JP,PCPI_IX,Monthly,Japan,"Consumer Price Index, All items"
632,monthly,IMF,CPI,Consumer Price Index (CPI),M.JP.PCPI_IX,"Monthly – Japan – Consumer Price Index, All items",2002-09,2002-09-01,95.880621761658,95.880621761658,M,JP,PCPI_IX,Monthly,Japan,"Consumer Price Index, All items"
633,monthly,IMF,CPI,Consumer Price Index (CPI),M.JP.PCPI_IX,"Monthly – Japan – Consumer Price Index, All items",2002-10,2002-10-01,95.6841450777202,95.6841450777202,M,JP,PCPI_IX,Monthly,Japan,"Consumer Price Index, All items"
634,monthly,IMF,CPI,Consumer Price Index (CPI),M.JP.PCPI_IX,"Monthly – Japan – Consumer Price Index, All items",2002-11,2002-11-01,95.6841450777202,95.6841450777202,M,JP,PCPI_IX,Monthly,Japan,"Consumer Price Index, All items"
635,monthly,IMF,CPI,Consumer Price Index (CPI),M.JP.PCPI_IX,"Monthly – Japan – Consumer Price Index, All items",2002-12,2002-12-01,95.6841450777202,95.6841450777202,M,JP,PCPI_IX,Monthly,Japan,"Consumer Price Index, All items"
636,monthly,IMF,CPI,Consumer Price Index (CPI),M.JP.PCPI_IX,"Monthly – Japan – Consumer Price Index, All items",2003-01,2003-01-01,95.3894300518135,95.3894300518135,M,JP,PCPI_IX,Monthly,Japan,"Consumer Price Index, All items"
637,monthly,IMF,CPI,Consumer Price Index (CPI),M.JP.PCPI_IX,"Monthly – Japan – Consumer Price Index, All items",2003-02,2003-02-01,95.0947150259067,95.0947150259067,M,JP,PCPI_IX,Monthly,Japan,"Consumer Price Index, All items"
638,monthly,IMF,CPI,Consumer Price Index (CPI),M.JP.PCPI_IX,"Monthly – Japan – Consumer Price Index, All items",2003-03,2003-03-01,95.3894300518135,95.3894300518135,M,JP,PCPI_IX,Monthly,Japan,"Consumer Price Index, All items"
639,monthly,IMF,CPI,Consumer Price Index (CPI),M.JP.PCPI_IX,"Monthly – Japan – Consumer Price Index, All items",2003-04,2003-04-01,95.6841450777202,95.6841450777202,M,JP,PCPI_IX,Monthly,Japan,"Consumer Price Index, All items"
640,monthly,IMF,CPI,Consumer Price Index (CPI),M.JP.PCPI_IX,"Monthly – Japan – Consumer Price Index, All items",2003-05,2003-05-01,95.880621761658,95.880621761658,M,JP,PCPI_IX,Monthly,Japan,"Consumer Price Index, All items"
641,monthly,IMF,CPI,Consumer Price Index (CPI),M.JP.PCPI_IX,"Monthly – Japan – Consumer Price Index, All items",2003-06,2003-06-01,95.5859067357513,95.5859067357513,M,JP,PCPI_IX,Monthly,Japan,"Consumer Price Index, All items"
642,monthly,IMF,CPI,Consumer Price Index (CPI),M.JP.PCPI_IX,"Monthly – Japan – Consumer Price Index, All items",2003-07,2003-07-01,95.3894300518135,95.3894300518135,M,JP,PCPI_IX,Monthly,Japan,"Consumer Price Index, All items"
643,monthly,IMF,CPI,Consumer Price Index (CPI),M.JP.PCPI_IX,"Monthly – Japan – Consumer Price Index, All items",2003-08,2003-08-01,95.5859067357513,95.5859067357513,M,JP,PCPI_IX,Monthly,Japan,"Consumer Price Index, All items"
644,monthly,IMF,CPI,Consumer Price Index (CPI),M.JP.PCPI_IX,"Monthly – Japan – Consumer Price Index, All items",2003-09,2003-09-01,95.6841450777202,95.6841450777202,M,JP,PCPI_IX,Monthly,Japan,"Consumer Price Index, All items"
645,monthly,IMF,CPI,Consumer Price Index (CPI),M.JP.PCPI_IX,"Monthly – Japan – Consumer Price Index, All items",2003-10,2003-10-01,95.6841450777202,95.6841450777202,M,JP,PCPI_IX,Monthly,Japan,"Consumer Price Index, All items"
646,monthly,IMF,CPI,Consumer Price Index (CPI),M.JP.PCPI_IX,"Monthly – Japan – Consumer Price Index, All items",2003-11,2003-11-01,95.1929533678756,95.1929533678756,M,JP,PCPI_IX,Monthly,Japan,"Consumer Price Index, All items"
647,monthly,IMF,CPI,Consumer Price Index (CPI),M.JP.PCPI_IX,"Monthly – Japan – Consumer Price Index, All items",2003-12,2003-12-01,95.2911917098446,95.2911917098446,M,JP,PCPI_IX,Monthly,Japan,"Consumer Price Index, All items"
648,monthly,IMF,CPI,Consumer Price Index (CPI),M.JP.PCPI_IX,"Monthly – Japan – Consumer Price Index, All items",2004-01,2004-01-01,95.0947150259067,95.0947150259067,M,JP,PCPI_IX,Monthly,Japan,"Consumer Price Index, All items"
649,monthly,IMF,CPI,Consumer Price Index (CPI),M.JP.PCPI_IX,"Monthly – Japan – Consumer Price Index, All items",2004-02,2004-02-01,95.0947150259067,95.0947150259067,M,JP,PCPI_IX,Monthly,Japan,"Consumer Price Index, All items"
650,monthly,IMF,CPI,Consumer Price Index (CPI),M.JP.PCPI_IX,"Monthly – Japan – Consumer Price Index, All items",2004-03,2004-03-01,95.2911917098446,95.2911917098446,M,JP,PCPI_IX,Monthly,Japan,"Consumer Price Index, All items"
651,monthly,IMF,CPI,Consumer Price Index (CPI),M.JP.PCPI_IX,"Monthly – Japan – Consumer Price Index, All items",2004-04,2004-04-01,95.2911917098446,95.2911917098446,M,JP,PCPI_IX,Monthly,Japan,"Consumer Price Index, All items"
652,monthly,IMF,CPI,Consumer Price Index (CPI),M.JP.PCPI_IX,"Monthly – Japan – Consumer Price Index, All items",2004-05,2004-05-01,95.3894300518135,95.3894300518135,M,JP,PCPI_IX,Monthly,Japan,"Consumer Price Index, All items"
653,monthly,IMF,CPI,Consumer Price Index (CPI),M.JP.PCPI_IX,"Monthly – Japan – Consumer Price Index, All items",2004-06,2004-06-01,95.5859067357513,95.5859067357513,M,JP,PCPI_IX,Monthly,Japan,"Consumer Price Index, All items"
654,monthly,IMF,CPI,Consumer Price Index (CPI),M.JP.PCPI_IX,"Monthly – Japan – Consumer Price Index, All items",2004-07,2004-07-01,95.2911917098446,95.2911917098446,M,JP,PCPI_IX,Monthly,Japan,"Consumer Price Index, All items"
655,monthly,IMF,CPI,Consumer Price Index (CPI),M.JP.PCPI_IX,"Monthly – Japan – Consumer Price Index, All items",2004-08,2004-08-01,95.3894300518135,95.3894300518135,M,JP,PCPI_IX,Monthly,Japan,"Consumer Price Index, All items"
656,monthly,IMF,CPI,Consumer Price Index (CPI),M.JP.PCPI_IX,"Monthly – Japan – Consumer Price Index, All items",2004-09,2004-09-01,95.6841450777202,95.6841450777202,M,JP,PCPI_IX,Monthly,Japan,"Consumer Price Index, All items"
657,monthly,IMF,CPI,Consumer Price Index (CPI),M.JP.PCPI_IX,"Monthly – Japan – Consumer Price Index, All items",2004-10,2004-10-01,96.1753367875648,96.1753367875648,M,JP,PCPI_IX,Monthly,Japan,"Consumer Price Index, All items"
658,monthly,IMF,CPI,Consumer Price Index (CPI),M.JP.PCPI_IX,"Monthly – Japan – Consumer Price Index, All items",2004-11,2004-11-01,95.978860103627,95.978860103627,M,JP,PCPI_IX,Monthly,Japan,"Consumer Price Index, All items"
659,monthly,IMF,CPI,Consumer Price Index (CPI),M.JP.PCPI_IX,"Monthly – Japan – Consumer Price Index, All items",2004-12,2004-12-01,95.4876683937824,95.4876683937824,M,JP,PCPI_IX,Monthly,Japan,"Consumer Price Index, All items"
660,monthly,IMF,CPI,Consumer Price Index (CPI),M.JP.PCPI_IX,"Monthly – Japan – Consumer Price Index, All items",2005-01,2005-01-01,95.2911917098446,95.2911917098446,M,JP,PCPI_IX,Monthly,Japan,"Consumer Price Index, All items"
661,monthly,IMF,CPI,Consumer Price Index (CPI),M.JP.PCPI_IX,"Monthly – Japan – Consumer Price Index, All items",2005-02,2005-02-01,94.9964766839378,94.9964766839378,M,JP,PCPI_IX,Monthly,Japan,"Consumer Price Index, All items"
662,monthly,IMF,CPI,Consumer Price Index (CPI),M.JP.PCPI_IX,"Monthly – Japan – Consumer Price Index, All items",2005-03,2005-03-01,95.2911917098446,95.2911917098446,M,JP,PCPI_IX,Monthly,Japan,"Consumer Price Index, All items"
663,monthly,IMF,CPI,Consumer Price Index (CPI),M.JP.PCPI_IX,"Monthly – Japan – Consumer Price Index, All items",2005-04,2005-04-01,95.3894300518135,95.3894300518135,M,JP,PCPI_IX,Monthly,Japan,"Consumer Price Index, All items"
664,monthly,IMF,CPI,Consumer Price Index (CPI),M.JP.PCPI_IX,"Monthly – Japan – Consumer Price Index, All items",2005-05,2005-05-01,95.4876683937824,95.4876683937824,M,JP,PCPI_IX,Monthly,Japan,"Consumer Price Index, All items"
665,monthly,IMF,CPI,Consumer Price Index (CPI),M.JP.PCPI_IX,"Monthly – Japan – Consumer Price Index, All items",2005-06,2005-06-01,95.0947150259067,95.0947150259067,M,JP,PCPI_IX,Monthly,Japan,"Consumer Price Index, All items"
666,monthly,IMF,CPI,Consumer Price Index (CPI),M.JP.PCPI_IX,"Monthly – Japan – Consumer Price Index, All items",2005-07,2005-07-01,94.9964766839378,94.9964766839378,M,JP,PCPI_IX,Monthly,Japan,"Consumer Price Index, All items"
667,monthly,IMF,CPI,Consumer Price Index (CPI),M.JP.PCPI_IX,"Monthly – Japan – Consumer Price Index, All items",2005-08,2005-08-01,95.0947150259067,95.0947150259067,M,JP,PCPI_IX,Monthly,Japan,"Consumer Price Index, All items"
668,monthly,IMF,CPI,Consumer Price Index (CPI),M.JP.PCPI_IX,"Monthly – Japan – Consumer Price Index, All items",2005-09,2005-09-01,95.3894300518135,95.3894300518135,M,JP,PCPI_IX,Monthly,Japan,"Consumer Price Index, All items"
669,monthly,IMF,CPI,Consumer Price Index (CPI),M.JP.PCPI_IX,"Monthly – Japan – Consumer Price Index, All items",2005-10,2005-10-01,95.3894300518135,95.3894300518135,M,JP,PCPI_IX,Monthly,Japan,"Consumer Price Index, All items"
670,monthly,IMF,CPI,Consumer Price Index (CPI),M.JP.PCPI_IX,"Monthly – Japan – Consumer Price Index, All items",2005-11,2005-11-01,94.9964766839378,94.9964766839378,M,JP,PCPI_IX,Monthly,Japan,"Consumer Price Index, All items"
671,monthly,IMF,CPI,Consumer Price Index (CPI),M.JP.PCPI_IX,"Monthly – Japan – Consumer Price Index, All items",2005-12,2005-12-01,95.0947150259067,95.0947150259067,M,JP,PCPI_IX,Monthly,Japan,"Consumer Price Index, All items"
672,monthly,IMF,CPI,Consumer Price Index (CPI),M.JP.PCPI_IX,"Monthly – Japan – Consumer Price Index, All items",2006-01,2006-01-01,95.1929533678756,95.1929533678756,M,JP,PCPI_IX,Monthly,Japan,"Consumer Price Index, All items"
673,monthly,IMF,CPI,Consumer Price Index (CPI),M.JP.PCPI_IX,"Monthly – Japan – Consumer Price Index, All items",2006-02,2006-02-01,94.8982383419689,94.8982383419689,M,JP,PCPI_IX,Monthly,Japan,"Consumer Price Index, All items"
674,monthly,IMF,CPI,Consumer Price Index (CPI),M.JP.PCPI_IX,"Monthly – Japan – Consumer Price Index, All items",2006-03,2006-03-01,95.0947150259067,95.0947150259067,M,JP,PCPI_IX,Monthly,Japan,"Consumer Price Index, All items"
675,monthly,IMF,CPI,Consumer Price Index (CPI),M.JP.PCPI_IX,"Monthly – Japan – Consumer Price Index, All items",2006-04,2006-04-01,95.2911917098446,95.2911917098446,M,JP,PCPI_IX,Monthly,Japan,"Consumer Price Index, All items"
676,monthly,IMF,CPI,Consumer Price Index (CPI),M.JP.PCPI_IX,"Monthly – Japan – Consumer Price Index, All items",2006-05,2006-05-01,95.5859067357513,95.5859067357513,M,JP,PCPI_IX,Monthly,Japan,"Consumer Price Index, All items"
677,monthly,IMF,CPI,Consumer Price Index (CPI),M.JP.PCPI_IX,"Monthly – Japan – Consumer Price Index, All items",2006-06,2006-06-01,95.5859067357513,95.5859067357513,M,JP,PCPI_IX,Monthly,Japan,"Consumer Price Index, All items"
678,monthly,IMF,CPI,Consumer Price Index (CPI),M.JP.PCPI_IX,"Monthly – Japan – Consumer Price Index, All items",2006-07,2006-07-01,95.2911917098446,95.2911917098446,M,JP,PCPI_IX,Monthly,Japan,"Consumer Price Index, All items"
679,monthly,IMF,CPI,Consumer Price Index (CPI),M.JP.PCPI_IX,"Monthly – Japan – Consumer Price Index, All items",2006-08,2006-08-01,95.978860103627,95.978860103627,M,JP,PCPI_IX,Monthly,Japan,"Consumer Price Index, All items"
680,monthly,IMF,CPI,Consumer Price Index (CPI),M.JP.PCPI_IX,"Monthly – Japan – Consumer Price Index, All items",2006-09,2006-09-01,95.978860103627,95.978860103627,M,JP,PCPI_IX,Monthly,Japan,"Consumer Price Index, All items"
681,monthly,IMF,CPI,Consumer Price Index (CPI),M.JP.PCPI_IX,"Monthly – Japan – Consumer Price Index, All items",2006-10,2006-10-01,95.7823834196891,95.7823834196891,M,JP,PCPI_IX,Monthly,Japan,"Consumer Price Index, All items"
682,monthly,IMF,CPI,Consumer Price Index (CPI),M.JP.PCPI_IX,"Monthly – Japan – Consumer Price Index, All items",2006-11,2006-11-01,95.2911917098446,95.2911917098446,M,JP,PCPI_IX,Monthly,Japan,"Consumer Price Index, All items"
683,monthly,IMF,CPI,Consumer Price Index (CPI),M.JP.PCPI_IX,"Monthly – Japan – Consumer Price Index, All items",2006-12,2006-12-01,95.3894300518135,95.3894300518135,M,JP,PCPI_IX,Monthly,Japan,"Consumer Price Index, All items"
684,monthly,IMF,CPI,Consumer Price Index (CPI),M.JP.PCPI_IX,"Monthly – Japan – Consumer Price Index, All items",2007-01,2007-01-01,95.1929533678756,95.1929533678756,M,JP,PCPI_IX,Monthly,Japan,"Consumer Price Index, All items"
685,monthly,IMF,CPI,Consumer Price Index (CPI),M.JP.PCPI_IX,"Monthly – Japan – Consumer Price Index, All items",2007-02,2007-02-01,94.7017616580311,94.7017616580311,M,JP,PCPI_IX,Monthly,Japan,"Consumer Price Index, All items"
686,monthly,IMF,CPI,Consumer Price Index (CPI),M.JP.PCPI_IX,"Monthly – Japan – Consumer Price Index, All items",2007-03,2007-03-01,94.9964766839378,94.9964766839378,M,JP,PCPI_IX,Monthly,Japan,"Consumer Price Index, All items"
687,monthly,IMF,CPI,Consumer Price Index (CPI),M.JP.PCPI_IX,"Monthly – Japan – Consumer Price Index, All items",2007-04,2007-04-01,95.2911917098446,95.2911917098446,M,JP,PCPI_IX,Monthly,Japan,"Consumer Price Index, All items"
688,monthly,IMF,CPI,Consumer Price Index (CPI),M.JP.PCPI_IX,"Monthly – Japan – Consumer Price Index, All items",2007-05,2007-05-01,95.5859067357513,95.5859067357513,M,JP,PCPI_IX,Monthly,Japan,"Consumer Price Index, All items"
689,monthly,IMF,CPI,Consumer Price Index (CPI),M.JP.PCPI_IX,"Monthly – Japan – Consumer Price Index, All items",2007-06,2007-06-01,95.3894300518135,95.3894300518135,M,JP,PCPI_IX,Monthly,Japan,"Consumer Price Index, All items"
690,monthly,IMF,CPI,Consumer Price Index (CPI),M.JP.PCPI_IX,"Monthly – Japan – Consumer Price Index, All items",2007-07,2007-07-01,95.2911917098446,95.2911917098446,M,JP,PCPI_IX,Monthly,Japan,"Consumer Price Index, All items"
691,monthly,IMF,CPI,Consumer Price Index (CPI),M.JP.PCPI_IX,"Monthly – Japan – Consumer Price Index, All items",2007-08,2007-08-01,95.7823834196891,95.7823834196891,M,JP,PCPI_IX,Monthly,Japan,"Consumer Price Index, All items"
692,monthly,IMF,CPI,Consumer Price Index (CPI),M.JP.PCPI_IX,"Monthly – Japan – Consumer Price Index, All items",2007-09,2007-09-01,95.7823834196891,95.7823834196891,M,JP,PCPI_IX,Monthly,Japan,"Consumer Price Index, All items"
693,monthly,IMF,CPI,Consumer Price Index (CPI),M.JP.PCPI_IX,"Monthly – Japan – Consumer Price Index, All items",2007-10,2007-10-01,96.0770984455959,96.0770984455959,M,JP,PCPI_IX,Monthly,Japan,"Consumer Price Index, All items"
694,monthly,IMF,CPI,Consumer Price Index (CPI),M.JP.PCPI_IX,"Monthly – Japan – Consumer Price Index, All items",2007-11,2007-11-01,95.880621761658,95.880621761658,M,JP,PCPI_IX,Monthly,Japan,"Consumer Price Index, All items"
695,monthly,IMF,CPI,Consumer Price Index (CPI),M.JP.PCPI_IX,"Monthly – Japan – Consumer Price Index, All items",2007-12,2007-12-01,96.0770984455959,96.0770984455959,M,JP,PCPI_IX,Monthly,Japan,"Consumer Price Index, All items"
696,monthly,IMF,CPI,Consumer Price Index (CPI),M.JP.PCPI_IX,"Monthly – Japan – Consumer Price Index, All items",2008-01,2008-01-01,95.880621761658,95.880621761658,M,JP,PCPI_IX,Monthly,Japan,"Consumer Price Index, All items"
697,monthly,IMF,CPI,Consumer Price Index (CPI),M.JP.PCPI_IX,"Monthly – Japan – Consumer Price Index, All items",2008-02,2008-02-01,95.6841450777202,95.6841450777202,M,JP,PCPI_IX,Monthly,Japan,"Consumer Price Index, All items"
698,monthly,IMF,CPI,Consumer Price Index (CPI),M.JP.PCPI_IX,"Monthly – Japan – Consumer Price Index, All items",2008-03,2008-03-01,96.1753367875648,96.1753367875648,M,JP,PCPI_IX,Monthly,Japan,"Consumer Price Index, All items"
699,monthly,IMF,CPI,Consumer Price Index (CPI),M.JP.PCPI_IX,"Monthly – Japan – Consumer Price Index, All items",2008-04,2008-04-01,96.0770984455959,96.0770984455959,M,JP,PCPI_IX,Monthly,Japan,"Consumer Price Index, All items"
700,monthly,IMF,CPI,Consumer Price Index (CPI),M.JP.PCPI_IX,"Monthly – Japan – Consumer Price Index, All items",2008-05,2008-05-01,96.8630051813471,96.8630051813471,M,JP,PCPI_IX,Monthly,Japan,"Consumer Price Index, All items"
701,monthly,IMF,CPI,Consumer Price Index (CPI),M.JP.PCPI_IX,"Monthly – Japan – Consumer Price Index, All items",2008-06,2008-06-01,97.2559585492228,97.2559585492228,M,JP,PCPI_IX,Monthly,Japan,"Consumer Price Index, All items"
702,monthly,IMF,CPI,Consumer Price Index (CPI),M.JP.PCPI_IX,"Monthly – Japan – Consumer Price Index, All items",2008-07,2008-07-01,97.4524352331606,97.4524352331606,M,JP,PCPI_IX,Monthly,Japan,"Consumer Price Index, All items"
703,monthly,IMF,CPI,Consumer Price Index (CPI),M.JP.PCPI_IX,"Monthly – Japan – Consumer Price Index, All items",2008-08,2008-08-01,97.7471502590674,97.7471502590674,M,JP,PCPI_IX,Monthly,Japan,"Consumer Price Index, All items"
704,monthly,IMF,CPI,Consumer Price Index (CPI),M.JP.PCPI_IX,"Monthly – Japan – Consumer Price Index, All items",2008-09,2008-09-01,97.7471502590674,97.7471502590674,M,JP,PCPI_IX,Monthly,Japan,"Consumer Price Index, All items"
705,monthly,IMF,CPI,Consumer Price Index (CPI),M.JP.PCPI_IX,"Monthly – Japan – Consumer Price Index, All items",2008-10,2008-10-01,97.6489119170984,97.6489119170984,M,JP,PCPI_IX,Monthly,Japan,"Consumer Price Index, All items"
706,monthly,IMF,CPI,Consumer Price Index (CPI),M.JP.PCPI_IX,"Monthly – Japan – Consumer Price Index, All items",2008-11,2008-11-01,96.8630051813471,96.8630051813471,M,JP,PCPI_IX,Monthly,Japan,"Consumer Price Index, All items"
707,monthly,IMF,CPI,Consumer Price Index (CPI),M.JP.PCPI_IX,"Monthly – Japan – Consumer Price Index, All items",2008-12,2008-12-01,96.4700518134715,96.4700518134715,M,JP,PCPI_IX,Monthly,Japan,"Consumer Price Index, All items"
708,monthly,IMF,CPI,Consumer Price Index (CPI),M.JP.PCPI_IX,"Monthly – Japan – Consumer Price Index, All items",2009-01,2009-01-01,95.880621761658,95.880621761658,M,JP,PCPI_IX,Monthly,Japan,"Consumer Price Index, All items"
709,monthly,IMF,CPI,Consumer Price Index (CPI),M.JP.PCPI_IX,"Monthly – Japan – Consumer Price Index, All items",2009-02,2009-02-01,95.5859067357513,95.5859067357513,M,JP,PCPI_IX,Monthly,Japan,"Consumer Price Index, All items"
710,monthly,IMF,CPI,Consumer Price Index (CPI),M.JP.PCPI_IX,"Monthly – Japan – Consumer Price Index, All items",2009-03,2009-03-01,95.880621761658,95.880621761658,M,JP,PCPI_IX,Monthly,Japan,"Consumer Price Index, All items"
711,monthly,IMF,CPI,Consumer Price Index (CPI),M.JP.PCPI_IX,"Monthly – Japan – Consumer Price Index, All items",2009-04,2009-04-01,95.978860103627,95.978860103627,M,JP,PCPI_IX,Monthly,Japan,"Consumer Price Index, All items"
712,monthly,IMF,CPI,Consumer Price Index (CPI),M.JP.PCPI_IX,"Monthly – Japan – Consumer Price Index, All items",2009-05,2009-05-01,95.7823834196891,95.7823834196891,M,JP,PCPI_IX,Monthly,Japan,"Consumer Price Index, All items"
713,monthly,IMF,CPI,Consumer Price Index (CPI),M.JP.PCPI_IX,"Monthly – Japan – Consumer Price Index, All items",2009-06,2009-06-01,95.5859067357513,95.5859067357513,M,JP,PCPI_IX,Monthly,Japan,"Consumer Price Index, All items"
714,monthly,IMF,CPI,Consumer Price Index (CPI),M.JP.PCPI_IX,"Monthly – Japan – Consumer Price Index, All items",2009-07,2009-07-01,95.2911917098446,95.2911917098446,M,JP,PCPI_IX,Monthly,Japan,"Consumer Price Index, All items"
715,monthly,IMF,CPI,Consumer Price Index (CPI),M.JP.PCPI_IX,"Monthly – Japan – Consumer Price Index, All items",2009-08,2009-08-01,95.5859067357513,95.5859067357513,M,JP,PCPI_IX,Monthly,Japan,"Consumer Price Index, All items"
716,monthly,IMF,CPI,Consumer Price Index (CPI),M.JP.PCPI_IX,"Monthly – Japan – Consumer Price Index, All items",2009-09,2009-09-01,95.5859067357513,95.5859067357513,M,JP,PCPI_IX,Monthly,Japan,"Consumer Price Index, All items"
717,monthly,IMF,CPI,Consumer Price Index (CPI),M.JP.PCPI_IX,"Monthly – Japan – Consumer Price Index, All items",2009-10,2009-10-01,95.1929533678756,95.1929533678756,M,JP,PCPI_IX,Monthly,Japan,"Consumer Price Index, All items"
718,monthly,IMF,CPI,Consumer Price Index (CPI),M.JP.PCPI_IX,"Monthly – Japan – Consumer Price Index, All items",2009-11,2009-11-01,94.9964766839378,94.9964766839378,M,JP,PCPI_IX,Monthly,Japan,"Consumer Price Index, All items"
719,monthly,IMF,CPI,Consumer Price Index (CPI),M.JP.PCPI_IX,"Monthly – Japan – Consumer Price Index, All items",2009-12,2009-12-01,94.8,94.8,M,JP,PCPI_IX,Monthly,Japan,"Consumer Price Index, All items"
720,monthly,IMF,CPI,Consumer Price Index (CPI),M.JP.PCPI_IX,"Monthly – Japan – Consumer Price Index, All items",2010-01,2010-01-01,94.9,94.9,M,JP,PCPI_IX,Monthly,Japan,"Consumer Price Index, All items"
721,monthly,IMF,CPI,Consumer Price Index (CPI),M.JP.PCPI_IX,"Monthly – Japan – Consumer Price Index, All items",2010-02,2010-02-01,94.9,94.9,M,JP,PCPI_IX,Monthly,Japan,"Consumer Price Index, All items"
722,monthly,IMF,CPI,Consumer Price Index (CPI),M.JP.PCPI_IX,"Monthly – Japan – Consumer Price Index, All items",2010-03,2010-03-01,95.1,95.1,M,JP,PCPI_IX,Monthly,Japan,"Consumer Price Index, All items"
723,monthly,IMF,CPI,Consumer Price Index (CPI),M.JP.PCPI_IX,"Monthly – Japan – Consumer Price Index, All items",2010-04,2010-04-01,95.1,95.1,M,JP,PCPI_IX,Monthly,Japan,"Consumer Price Index, All items"
724,monthly,IMF,CPI,Consumer Price Index (CPI),M.JP.PCPI_IX,"Monthly – Japan – Consumer Price Index, All items",2010-05,2010-05-01,95.1,95.1,M,JP,PCPI_IX,Monthly,Japan,"Consumer Price Index, All items"
725,monthly,IMF,CPI,Consumer Price Index (CPI),M.JP.PCPI_IX,"Monthly – Japan – Consumer Price Index, All items",2010-06,2010-06-01,94.9,94.9,M,JP,PCPI_IX,Monthly,Japan,"Consumer Price Index, All items"
726,monthly,IMF,CPI,Consumer Price Index (CPI),M.JP.PCPI_IX,"Monthly – Japan – Consumer Price Index, All items",2010-07,2010-07-01,94.4,94.4,M,JP,PCPI_IX,Monthly,Japan,"Consumer Price Index, All items"
727,monthly,IMF,CPI,Consumer Price Index (CPI),M.JP.PCPI_IX,"Monthly – Japan – Consumer Price Index, All items",2010-08,2010-08-01,94.5,94.5,M,JP,PCPI_IX,Monthly,Japan,"Consumer Price Index, All items"
728,monthly,IMF,CPI,Consumer Price Index (CPI),M.JP.PCPI_IX,"Monthly – Japan – Consumer Price Index, All items",2010-09,2010-09-01,94.7,94.7,M,JP,PCPI_IX,Monthly,Japan,"Consumer Price Index, All items"
729,monthly,IMF,CPI,Consumer Price Index (CPI),M.JP.PCPI_IX,"Monthly – Japan – Consumer Price Index, All items",2010-10,2010-10-01,95.0,95.0,M,JP,PCPI_IX,Monthly,Japan,"Consumer Price Index, All items"
730,monthly,IMF,CPI,Consumer Price Index (CPI),M.JP.PCPI_IX,"Monthly – Japan – Consumer Price Index, All items",2010-11,2010-11-01,94.7,94.7,M,JP,PCPI_IX,Monthly,Japan,"Consumer Price Index, All items"
731,monthly,IMF,CPI,Consumer Price Index (CPI),M.JP.PCPI_IX,"Monthly – Japan – Consumer Price Index, All items",2010-12,2010-12-01,94.5,94.5,M,JP,PCPI_IX,Monthly,Japan,"Consumer Price Index, All items"
732,monthly,IMF,CPI,Consumer Price Index (CPI),M.JP.PCPI_IX,"Monthly – Japan – Consumer Price Index, All items",2011-01,2011-01-01,94.4,94.4,M,JP,PCPI_IX,Monthly,Japan,"Consumer Price Index, All items"
733,monthly,IMF,CPI,Consumer Price Index (CPI),M.JP.PCPI_IX,"Monthly – Japan – Consumer Price Index, All items",2011-02,2011-02-01,94.4,94.4,M,JP,PCPI_IX,Monthly,Japan,"Consumer Price Index, All items"
734,monthly,IMF,CPI,Consumer Price Index (CPI),M.JP.PCPI_IX,"Monthly – Japan – Consumer Price Index, All items",2011-03,2011-03-01,94.6,94.6,M,JP,PCPI_IX,Monthly,Japan,"Consumer Price Index, All items"
735,monthly,IMF,CPI,Consumer Price Index (CPI),M.JP.PCPI_IX,"Monthly – Japan – Consumer Price Index, All items",2011-04,2011-04-01,94.7,94.7,M,JP,PCPI_IX,Monthly,Japan,"Consumer Price Index, All items"
736,monthly,IMF,CPI,Consumer Price Index (CPI),M.JP.PCPI_IX,"Monthly – Japan – Consumer Price Index, All items",2011-05,2011-05-01,94.7,94.7,M,JP,PCPI_IX,Monthly,Japan,"Consumer Price Index, All items"
737,monthly,IMF,CPI,Consumer Price Index (CPI),M.JP.PCPI_IX,"Monthly – Japan – Consumer Price Index, All items",2011-06,2011-06-01,94.6,94.6,M,JP,PCPI_IX,Monthly,Japan,"Consumer Price Index, All items"
738,monthly,IMF,CPI,Consumer Price Index (CPI),M.JP.PCPI_IX,"Monthly – Japan – Consumer Price Index, All items",2011-07,2011-07-01,94.6,94.6,M,JP,PCPI_IX,Monthly,Japan,"Consumer Price Index, All items"
739,monthly,IMF,CPI,Consumer Price Index (CPI),M.JP.PCPI_IX,"Monthly – Japan – Consumer Price Index, All items",2011-08,2011-08-01,94.7,94.7,M,JP,PCPI_IX,Monthly,Japan,"Consumer Price Index, All items"
740,monthly,IMF,CPI,Consumer Price Index (CPI),M.JP.PCPI_IX,"Monthly – Japan – Consumer Price Index, All items",2011-09,2011-09-01,94.7,94.7,M,JP,PCPI_IX,Monthly,Japan,"Consumer Price Index, All items"
741,monthly,IMF,CPI,Consumer Price Index (CPI),M.JP.PCPI_IX,"Monthly – Japan – Consumer Price Index, All items",2011-10,2011-10-01,94.8,94.8,M,JP,PCPI_IX,Monthly,Japan,"Consumer Price Index, All items"
742,monthly,IMF,CPI,Consumer Price Index (CPI),M.JP.PCPI_IX,"Monthly – Japan – Consumer Price Index, All items",2011-11,2011-11-01,94.2,94.2,M,JP,PCPI_IX,Monthly,Japan,"Consumer Price Index, All items"
743,monthly,IMF,CPI,Consumer Price Index (CPI),M.JP.PCPI_IX,"Monthly – Japan – Consumer Price Index, All items",2011-12,2011-12-01,94.3,94.3,M,JP,PCPI_IX,Monthly,Japan,"Consumer Price Index, All items"
744,monthly,IMF,CPI,Consumer Price Index (CPI),M.JP.PCPI_IX,"Monthly – Japan – Consumer Price Index, All items",2012-01,2012-01-01,94.5,94.5,M,JP,PCPI_IX,Monthly,Japan,"Consumer Price Index, All items"
745,monthly,IMF,CPI,Consumer Price Index (CPI),M.JP.PCPI_IX,"Monthly – Japan – Consumer Price Index, All items",2012-02,2012-02-01,94.7,94.7,M,JP,PCPI_IX,Monthly,Japan,"Consumer Price Index, All items"
746,monthly,IMF,CPI,Consumer Price Index (CPI),M.JP.PCPI_IX,"Monthly – Japan – Consumer Price Index, All items",2012-03,2012-03-01,95.1,95.1,M,JP,PCPI_IX,Monthly,Japan,"Consumer Price Index, All items"
747,monthly,IMF,CPI,Consumer Price Index (CPI),M.JP.PCPI_IX,"Monthly – Japan – Consumer Price Index, All items",2012-04,2012-04-01,95.2,95.2,M,JP,PCPI_IX,Monthly,Japan,"Consumer Price Index, All items"
748,monthly,IMF,CPI,Consumer Price Index (CPI),M.JP.PCPI_IX,"Monthly – Japan – Consumer Price Index, All items",2012-05,2012-05-01,94.9,94.9,M,JP,PCPI_IX,Monthly,Japan,"Consumer Price Index, All items"
749,monthly,IMF,CPI,Consumer Price Index (CPI),M.JP.PCPI_IX,"Monthly – Japan – Consumer Price Index, All items",2012-06,2012-06-01,94.4,94.4,M,JP,PCPI_IX,Monthly,Japan,"Consumer Price Index, All items"
750,monthly,IMF,CPI,Consumer Price Index (CPI),M.JP.PCPI_IX,"Monthly – Japan – Consumer Price Index, All items",2012-07,2012-07-01,94.1,94.1,M,JP,PCPI_IX,Monthly,Japan,"Consumer Price Index, All items"
751,monthly,IMF,CPI,Consumer Price Index (CPI),M.JP.PCPI_IX,"Monthly – Japan – Consumer Price Index, All items",2012-08,2012-08-01,94.3,94.3,M,JP,PCPI_IX,Monthly,Japan,"Consumer Price Index, All items"
752,monthly,IMF,CPI,Consumer Price Index (CPI),M.JP.PCPI_IX,"Monthly – Japan – Consumer Price Index, All items",2012-09,2012-09-01,94.4,94.4,M,JP,PCPI_IX,Monthly,Japan,"Consumer Price Index, All items"
753,monthly,IMF,CPI,Consumer Price Index (CPI),M.JP.PCPI_IX,"Monthly – Japan – Consumer Price Index, All items",2012-10,2012-10-01,94.4,94.4,M,JP,PCPI_IX,Monthly,Japan,"Consumer Price Index, All items"
754,monthly,IMF,CPI,Consumer Price Index (CPI),M.JP.PCPI_IX,"Monthly – Japan – Consumer Price Index, All items",2012-11,2012-11-01,94.1,94.1,M,JP,PCPI_IX,Monthly,Japan,"Consumer Price Index, All items"
755,monthly,IMF,CPI,Consumer Price Index (CPI),M.JP.PCPI_IX,"Monthly – Japan – Consumer Price Index, All items",2012-12,2012-12-01,94.1,94.1,M,JP,PCPI_IX,Monthly,Japan,"Consumer Price Index, All items"
756,monthly,IMF,CPI,Consumer Price Index (CPI),M.JP.PCPI_IX,"Monthly – Japan – Consumer Price Index, All items",2013-01,2013-01-01,94.2,94.2,M,JP,PCPI_IX,Monthly,Japan,"Consumer Price Index, All items"
757,monthly,IMF,CPI,Consumer Price Index (CPI),M.JP.PCPI_IX,"Monthly – Japan – Consumer Price Index, All items",2013-02,2013-02-01,94.0,94.0,M,JP,PCPI_IX,Monthly,Japan,"Consumer Price Index, All items"
758,monthly,IMF,CPI,Consumer Price Index (CPI),M.JP.PCPI_IX,"Monthly – Japan – Consumer Price Index, All items",2013-03,2013-03-01,94.2,94.2,M,JP,PCPI_IX,Monthly,Japan,"Consumer Price Index, All items"
759,monthly,IMF,CPI,Consumer Price Index (CPI),M.JP.PCPI_IX,"Monthly – Japan – Consumer Price Index, All items",2013-04,2013-04-01,94.5,94.5,M,JP,PCPI_IX,Monthly,Japan,"Consumer Price Index, All items"
760,monthly,IMF,CPI,Consumer Price Index (CPI),M.JP.PCPI_IX,"Monthly – Japan – Consumer Price Index, All items",2013-05,2013-05-01,94.6,94.6,M,JP,PCPI_IX,Monthly,Japan,"Consumer Price Index, All items"
761,monthly,IMF,CPI,Consumer Price Index (CPI),M.JP.PCPI_IX,"Monthly – Japan – Consumer Price Index, All items",2013-06,2013-06-01,94.6,94.6,M,JP,PCPI_IX,Monthly,Japan,"Consumer Price Index, All items"
762,monthly,IMF,CPI,Consumer Price Index (CPI),M.JP.PCPI_IX,"Monthly – Japan – Consumer Price Index, All items",2013-07,2013-07-01,94.8,94.8,M,JP,PCPI_IX,Monthly,Japan,"Consumer Price Index, All items"
763,monthly,IMF,CPI,Consumer Price Index (CPI),M.JP.PCPI_IX,"Monthly – Japan – Consumer Price Index, All items",2013-08,2013-08-01,95.1,95.1,M,JP,PCPI_IX,Monthly,Japan,"Consumer Price Index, All items"
764,monthly,IMF,CPI,Consumer Price Index (CPI),M.JP.PCPI_IX,"Monthly – Japan – Consumer Price Index, All items",2013-09,2013-09-01,95.4,95.4,M,JP,PCPI_IX,Monthly,Japan,"Consumer Price Index, All items"
765,monthly,IMF,CPI,Consumer Price Index (CPI),M.JP.PCPI_IX,"Monthly – Japan – Consumer Price Index, All items",2013-10,2013-10-01,95.5,95.5,M,JP,PCPI_IX,Monthly,Japan,"Consumer Price Index, All items"
766,monthly,IMF,CPI,Consumer Price Index (CPI),M.JP.PCPI_IX,"Monthly – Japan – Consumer Price Index, All items",2013-11,2013-11-01,95.5,95.5,M,JP,PCPI_IX,Monthly,Japan,"Consumer Price Index, All items"
767,monthly,IMF,CPI,Consumer Price Index (CPI),M.JP.PCPI_IX,"Monthly – Japan – Consumer Price Index, All items",2013-12,2013-12-01,95.6,95.6,M,JP,PCPI_IX,Monthly,Japan,"Consumer Price Index, All items"
768,monthly,IMF,CPI,Consumer Price Index (CPI),M.JP.PCPI_IX,"Monthly – Japan – Consumer Price Index, All items",2014-01,2014-01-01,95.5,95.5,M,JP,PCPI_IX,Monthly,Japan,"Consumer Price Index, All items"
769,monthly,IMF,CPI,Consumer Price Index (CPI),M.JP.PCPI_IX,"Monthly – Japan – Consumer Price Index, All items",2014-02,2014-02-01,95.5,95.5,M,JP,PCPI_IX,Monthly,Japan,"Consumer Price Index, All items"
770,monthly,IMF,CPI,Consumer Price Index (CPI),M.JP.PCPI_IX,"Monthly – Japan – Consumer Price Index, All items",2014-03,2014-03-01,95.7,95.7,M,JP,PCPI_IX,Monthly,Japan,"Consumer Price Index, All items"
771,monthly,IMF,CPI,Consumer Price Index (CPI),M.JP.PCPI_IX,"Monthly – Japan – Consumer Price Index, All items",2014-04,2014-04-01,97.7,97.7,M,JP,PCPI_IX,Monthly,Japan,"Consumer Price Index, All items"
772,monthly,IMF,CPI,Consumer Price Index (CPI),M.JP.PCPI_IX,"Monthly – Japan – Consumer Price Index, All items",2014-05,2014-05-01,98.1,98.1,M,JP,PCPI_IX,Monthly,Japan,"Consumer Price Index, All items"
773,monthly,IMF,CPI,Consumer Price Index (CPI),M.JP.PCPI_IX,"Monthly – Japan – Consumer Price Index, All items",2014-06,2014-06-01,98.0,98.0,M,JP,PCPI_IX,Monthly,Japan,"Consumer Price Index, All items"
774,monthly,IMF,CPI,Consumer Price Index (CPI),M.JP.PCPI_IX,"Monthly – Japan – Consumer Price Index, All items",2014-07,2014-07-01,98.1,98.1,M,JP,PCPI_IX,Monthly,Japan,"Consumer Price Index, All items"
775,monthly,IMF,CPI,Consumer Price Index (CPI),M.JP.PCPI_IX,"Monthly – Japan – Consumer Price Index, All items",2014-08,2014-08-01,98.3,98.3,M,JP,PCPI_IX,Monthly,Japan,"Consumer Price Index, All items"
776,monthly,IMF,CPI,Consumer Price Index (CPI),M.JP.PCPI_IX,"Monthly – Japan – Consumer Price Index, All items",2014-09,2014-09-01,98.5,98.5,M,JP,PCPI_IX,Monthly,Japan,"Consumer Price Index, All items"
777,monthly,IMF,CPI,Consumer Price Index (CPI),M.JP.PCPI_IX,"Monthly – Japan – Consumer Price Index, All items",2014-10,2014-10-01,98.2,98.2,M,JP,PCPI_IX,Monthly,Japan,"Consumer Price Index, All items"
778,monthly,IMF,CPI,Consumer Price Index (CPI),M.JP.PCPI_IX,"Monthly – Japan – Consumer Price Index, All items",2014-11,2014-11-01,97.9,97.9,M,JP,PCPI_IX,Monthly,Japan,"Consumer Price Index, All items"
779,monthly,IMF,CPI,Consumer Price Index (CPI),M.JP.PCPI_IX,"Monthly – Japan – Consumer Price Index, All items",2014-12,2014-12-01,97.9,97.9,M,JP,PCPI_IX,Monthly,Japan,"Consumer Price Index, All items"
780,monthly,IMF,CPI,Consumer Price Index (CPI),M.JP.PCPI_IX,"Monthly – Japan – Consumer Price Index, All items",2015-01,2015-01-01,97.8,97.8,M,JP,PCPI_IX,Monthly,Japan,"Consumer Price Index, All items"
781,monthly,IMF,CPI,Consumer Price Index (CPI),M.JP.PCPI_IX,"Monthly – Japan – Consumer Price Index, All items",2015-02,2015-02-01,97.6,97.6,M,JP,PCPI_IX,Monthly,Japan,"Consumer Price Index, All items"
782,monthly,IMF,CPI,Consumer Price Index (CPI),M.JP.PCPI_IX,"Monthly – Japan – Consumer Price Index, All items",2015-03,2015-03-01,97.9,97.9,M,JP,PCPI_IX,Monthly,Japan,"Consumer Price Index, All items"
783,monthly,IMF,CPI,Consumer Price Index (CPI),M.JP.PCPI_IX,"Monthly – Japan – Consumer Price Index, All items",2015-04,2015-04-01,98.4,98.4,M,JP,PCPI_IX,Monthly,Japan,"Consumer Price Index, All items"
784,monthly,IMF,CPI,Consumer Price Index (CPI),M.JP.PCPI_IX,"Monthly – Japan – Consumer Price Index, All items",2015-05,2015-05-01,98.7,98.7,M,JP,PCPI_IX,Monthly,Japan,"Consumer Price Index, All items"
785,monthly,IMF,CPI,Consumer Price Index (CPI),M.JP.PCPI_IX,"Monthly – Japan – Consumer Price Index, All items",2015-06,2015-06-01,98.4,98.4,M,JP,PCPI_IX,Monthly,Japan,"Consumer Price Index, All items"
786,monthly,IMF,CPI,Consumer Price Index (CPI),M.JP.PCPI_IX,"Monthly – Japan – Consumer Price Index, All items",2015-07,2015-07-01,98.3,98.3,M,JP,PCPI_IX,Monthly,Japan,"Consumer Price Index, All items"
787,monthly,IMF,CPI,Consumer Price Index (CPI),M.JP.PCPI_IX,"Monthly – Japan – Consumer Price Index, All items",2015-08,2015-08-01,98.4,98.4,M,JP,PCPI_IX,Monthly,Japan,"Consumer Price Index, All items"
788,monthly,IMF,CPI,Consumer Price Index (CPI),M.JP.PCPI_IX,"Monthly – Japan – Consumer Price Index, All items",2015-09,2015-09-01,98.5,98.5,M,JP,PCPI_IX,Monthly,Japan,"Consumer Price Index, All items"
789,monthly,IMF,CPI,Consumer Price Index (CPI),M.JP.PCPI_IX,"Monthly – Japan – Consumer Price Index, All items",2015-10,2015-10-01,98.5,98.5,M,JP,PCPI_IX,Monthly,Japan,"Consumer Price Index, All items"
790,monthly,IMF,CPI,Consumer Price Index (CPI),M.JP.PCPI_IX,"Monthly – Japan – Consumer Price Index, All items",2015-11,2015-11-01,98.1,98.1,M,JP,PCPI_IX,Monthly,Japan,"Consumer Price Index, All items"
791,monthly,IMF,CPI,Consumer Price Index (CPI),M.JP.PCPI_IX,"Monthly – Japan – Consumer Price Index, All items",2015-12,2015-12-01,98.1,98.1,M,JP,PCPI_IX,Monthly,Japan,"Consumer Price Index, All items"
792,monthly,IMF,CPI,Consumer Price Index (CPI),M.JP.PCPI_IX,"Monthly – Japan – Consumer Price Index, All items",2016-01,2016-01-01,97.7,97.7,M,JP,PCPI_IX,Monthly,Japan,"Consumer Price Index, All items"
793,monthly,IMF,CPI,Consumer Price Index (CPI),M.JP.PCPI_IX,"Monthly – Japan – Consumer Price Index, All items",2016-02,2016-02-01,97.8,97.8,M,JP,PCPI_IX,Monthly,Japan,"Consumer Price Index, All items"
794,monthly,IMF,CPI,Consumer Price Index (CPI),M.JP.PCPI_IX,"Monthly – Japan – Consumer Price Index, All items",2016-03,2016-03-01,97.9,97.9,M,JP,PCPI_IX,Monthly,Japan,"Consumer Price Index, All items"
795,monthly,IMF,CPI,Consumer Price Index (CPI),M.JP.PCPI_IX,"Monthly – Japan – Consumer Price Index, All items",2016-04,2016-04-01,98.1,98.1,M,JP,PCPI_IX,Monthly,Japan,"Consumer Price Index, All items"
796,monthly,IMF,CPI,Consumer Price Index (CPI),M.JP.PCPI_IX,"Monthly – Japan – Consumer Price Index, All items",2016-05,2016-05-01,98.2,98.2,M,JP,PCPI_IX,Monthly,Japan,"Consumer Price Index, All items"
797,monthly,IMF,CPI,Consumer Price Index (CPI),M.JP.PCPI_IX,"Monthly – Japan – Consumer Price Index, All items",2016-06,2016-06-01,98.1,98.1,M,JP,PCPI_IX,Monthly,Japan,"Consumer Price Index, All items"
798,monthly,IMF,CPI,Consumer Price Index (CPI),M.JP.PCPI_IX,"Monthly – Japan – Consumer Price Index, All items",2016-07,2016-07-01,97.9,97.9,M,JP,PCPI_IX,Monthly,Japan,"Consumer Price Index, All items"
799,monthly,IMF,CPI,Consumer Price Index (CPI),M.JP.PCPI_IX,"Monthly – Japan – Consumer Price Index, All items",2016-08,2016-08-01,97.9,97.9,M,JP,PCPI_IX,Monthly,Japan,"Consumer Price Index, All items"
800,monthly,IMF,CPI,Consumer Price Index (CPI),M.JP.PCPI_IX,"Monthly – Japan – Consumer Price Index, All items",2016-09,2016-09-01,98.0,98.0,M,JP,PCPI_IX,Monthly,Japan,"Consumer Price Index, All items"
801,monthly,IMF,CPI,Consumer Price Index (CPI),M.JP.PCPI_IX,"Monthly – Japan – Consumer Price Index, All items",2016-10,2016-10-01,98.6,98.6,M,JP,PCPI_IX,Monthly,Japan,"Consumer Price Index, All items"
802,monthly,IMF,CPI,Consumer Price Index (CPI),M.JP.PCPI_IX,"Monthly – Japan – Consumer Price Index, All items",2016-11,2016-11-01,98.6,98.6,M,JP,PCPI_IX,Monthly,Japan,"Consumer Price Index, All items"
803,monthly,IMF,CPI,Consumer Price Index (CPI),M.JP.PCPI_IX,"Monthly – Japan – Consumer Price Index, All items",2016-12,2016-12-01,98.4,98.4,M,JP,PCPI_IX,Monthly,Japan,"Consumer Price Index, All items"
804,monthly,IMF,CPI,Consumer Price Index (CPI),M.JP.PCPI_IX,"Monthly – Japan – Consumer Price Index, All items",2017-01,2017-01-01,98.2,98.2,M,JP,PCPI_IX,Monthly,Japan,"Consumer Price Index, All items"
805,monthly,IMF,CPI,Consumer Price Index (CPI),M.JP.PCPI_IX,"Monthly – Japan – Consumer Price Index, All items",2017-02,2017-02-01,98.1,98.1,M,JP,PCPI_IX,Monthly,Japan,"Consumer Price Index, All items"
806,monthly,IMF,CPI,Consumer Price Index (CPI),M.JP.PCPI_IX,"Monthly – Japan – Consumer Price Index, All items",2017-03,2017-03-01,98.1,98.1,M,JP,PCPI_IX,Monthly,Japan,"Consumer Price Index, All items"
807,monthly,IMF,CPI,Consumer Price Index (CPI),M.JP.PCPI_IX,"Monthly – Japan – Consumer Price Index, All items",2017-04,2017-04-01,98.5,98.5,M,JP,PCPI_IX,Monthly,Japan,"Consumer Price Index, All items"
808,monthly,IMF,CPI,Consumer Price Index (CPI),M.JP.PCPI_IX,"Monthly – Japan – Consumer Price Index, All items",2017-05,2017-05-01,98.6,98.6,M,JP,PCPI_IX,Monthly,Japan,"Consumer Price Index, All items"
809,monthly,IMF,CPI,Consumer Price Index (CPI),M.JP.PCPI_IX,"Monthly – Japan – Consumer Price Index, All items",2017-06,2017-06-01,98.5,98.5,M,JP,PCPI_IX,Monthly,Japan,"Consumer Price Index, All items"
810,monthly,IMF,CPI,Consumer Price Index (CPI),M.JP.PCPI_IX,"Monthly – Japan – Consumer Price Index, All items",2017-07,2017-07-01,98.3,98.3,M,JP,PCPI_IX,Monthly,Japan,"Consumer Price Index, All items"
811,monthly,IMF,CPI,Consumer Price Index (CPI),M.JP.PCPI_IX,"Monthly – Japan – Consumer Price Index, All items",2017-08,2017-08-01,98.5,98.5,M,JP,PCPI_IX,Monthly,Japan,"Consumer Price Index, All items"
812,monthly,IMF,CPI,Consumer Price Index (CPI),M.JP.PCPI_IX,"Monthly – Japan – Consumer Price Index, All items",2017-09,2017-09-01,98.8,98.8,M,JP,PCPI_IX,Monthly,Japan,"Consumer Price Index, All items"
813,monthly,IMF,CPI,Consumer Price Index (CPI),M.JP.PCPI_IX,"Monthly – Japan – Consumer Price Index, All items",2017-10,2017-10-01,98.8,98.8,M,JP,PCPI_IX,Monthly,Japan,"Consumer Price Index, All items"
814,monthly,IMF,CPI,Consumer Price Index (CPI),M.JP.PCPI_IX,"Monthly – Japan – Consumer Price Index, All items",2017-11,2017-11-01,99.1,99.1,M,JP,PCPI_IX,Monthly,Japan,"Consumer Price Index, All items"
815,monthly,IMF,CPI,Consumer Price Index (CPI),M.JP.PCPI_IX,"Monthly – Japan – Consumer Price Index, All items",2017-12,2017-12-01,99.4,99.4,M,JP,PCPI_IX,Monthly,Japan,"Consumer Price Index, All items"
816,monthly,IMF,CPI,Consumer Price Index (CPI),M.JP.PCPI_IX,"Monthly – Japan – Consumer Price Index, All items",2018-01,2018-01-01,99.5,99.5,M,JP,PCPI_IX,Monthly,Japan,"Consumer Price Index, All items"
817,monthly,IMF,CPI,Consumer Price Index (CPI),M.JP.PCPI_IX,"Monthly – Japan – Consumer Price Index, All items",2018-02,2018-02-01,99.5,99.5,M,JP,PCPI_IX,Monthly,Japan,"Consumer Price Index, All items"
818,monthly,IMF,CPI,Consumer Price Index (CPI),M.JP.PCPI_IX,"Monthly – Japan – Consumer Price Index, All items",2018-03,2018-03-01,99.2,99.2,M,JP,PCPI_IX,Monthly,Japan,"Consumer Price Index, All items"
819,monthly,IMF,CPI,Consumer Price Index (CPI),M.JP.PCPI_IX,"Monthly – Japan – Consumer Price Index, All items",2018-04,2018-04-01,99.1,99.1,M,JP,PCPI_IX,Monthly,Japan,"Consumer Price Index, All items"
820,monthly,IMF,CPI,Consumer Price Index (CPI),M.JP.PCPI_IX,"Monthly – Japan – Consumer Price Index, All items",2018-05,2018-05-01,99.3,99.3,M,JP,PCPI_IX,Monthly,Japan,"Consumer Price Index, All items"
821,monthly,IMF,CPI,Consumer Price Index (CPI),M.JP.PCPI_IX,"Monthly – Japan – Consumer Price Index, All items",2018-06,2018-06-01,99.2,99.2,M,JP,PCPI_IX,Monthly,Japan,"Consumer Price Index, All items"
822,monthly,IMF,CPI,Consumer Price Index (CPI),M.JP.PCPI_IX,"Monthly – Japan – Consumer Price Index, All items",2018-07,2018-07-01,99.2,99.2,M,JP,PCPI_IX,Monthly,Japan,"Consumer Price Index, All items"
823,monthly,IMF,CPI,Consumer Price Index (CPI),M.JP.PCPI_IX,"Monthly – Japan – Consumer Price Index, All items",2018-08,2018-08-01,99.8,99.8,M,JP,PCPI_IX,Monthly,Japan,"Consumer Price Index, All items"
824,monthly,IMF,CPI,Consumer Price Index (CPI),M.JP.PCPI_IX,"Monthly – Japan – Consumer Price Index, All items",2018-09,2018-09-01,99.9,99.9,M,JP,PCPI_IX,Monthly,Japan,"Consumer Price Index, All items"
825,monthly,IMF,CPI,Consumer Price Index (CPI),M.JP.PCPI_IX,"Monthly – Japan – Consumer Price Index, All items",2018-10,2018-10-01,100.2,100.2,M,JP,PCPI_IX,Monthly,Japan,"Consumer Price Index, All items"
826,monthly,IMF,CPI,Consumer Price Index (CPI),M.JP.PCPI_IX,"Monthly – Japan – Consumer Price Index, All items",2018-11,2018-11-01,100.0,100.0,M,JP,PCPI_IX,Monthly,Japan,"Consumer Price Index, All items"
827,monthly,IMF,CPI,Consumer Price Index (CPI),M.JP.PCPI_IX,"Monthly – Japan – Consumer Price Index, All items",2018-12,2018-12-01,99.7,99.7,M,JP,PCPI_IX,Monthly,Japan,"Consumer Price Index, All items"
828,monthly,IMF,CPI,Consumer Price Index (CPI),M.JP.PCPI_IX,"Monthly – Japan – Consumer Price Index, All items",2019-01,2019-01-01,99.7,99.7,M,JP,PCPI_IX,Monthly,Japan,"Consumer Price Index, All items"
829,monthly,IMF,CPI,Consumer Price Index (CPI),M.JP.PCPI_IX,"Monthly – Japan – Consumer Price Index, All items",2019-02,2019-02-01,99.7,99.7,M,JP,PCPI_IX,Monthly,Japan,"Consumer Price Index, All items"
830,monthly,IMF,CPI,Consumer Price Index (CPI),M.JP.PCPI_IX,"Monthly – Japan – Consumer Price Index, All items",2019-03,2019-03-01,99.7,99.7,M,JP,PCPI_IX,Monthly,Japan,"Consumer Price Index, All items"
831,monthly,IMF,CPI,Consumer Price Index (CPI),M.JP.PCPI_IX,"Monthly – Japan – Consumer Price Index, All items",2019-04,2019-04-01,100.0,100.0,M,JP,PCPI_IX,Monthly,Japan,"Consumer Price Index, All items"
832,monthly,IMF,CPI,Consumer Price Index (CPI),M.JP.PCPI_IX,"Monthly – Japan – Consumer Price Index, All items",2019-05,2019-05-01,100.0,100.0,M,JP,PCPI_IX,Monthly,Japan,"Consumer Price Index, All items"
833,monthly,IMF,CPI,Consumer Price Index (CPI),M.JP.PCPI_IX,"Monthly – Japan – Consumer Price Index, All items",2019-06,2019-06-01,99.8,99.8,M,JP,PCPI_IX,Monthly,Japan,"Consumer Price Index, All items"
834,monthly,IMF,CPI,Consumer Price Index (CPI),M.JP.PCPI_IX,"Monthly – Japan – Consumer Price Index, All items",2019-07,2019-07-01,99.8,99.8,M,JP,PCPI_IX,Monthly,Japan,"Consumer Price Index, All items"
835,monthly,IMF,CPI,Consumer Price Index (CPI),M.JP.PCPI_IX,"Monthly – Japan – Consumer Price Index, All items",2019-08,2019-08-01,100.0,100.0,M,JP,PCPI_IX,Monthly,Japan,"Consumer Price Index, All items"
836,monthly,IMF,CPI,Consumer Price Index (CPI),M.JP.PCPI_IX,"Monthly – Japan – Consumer Price Index, All items",2019-09,2019-09-01,100.1,100.1,M,JP,PCPI_IX,Monthly,Japan,"Consumer Price Index, All items"
837,monthly,IMF,CPI,Consumer Price Index (CPI),M.JP.PCPI_IX,"Monthly – Japan – Consumer Price Index, All items",2019-10,2019-10-01,100.4,100.4,M,JP,PCPI_IX,Monthly,Japan,"Consumer Price Index, All items"
838,monthly,IMF,CPI,Consumer Price Index (CPI),M.JP.PCPI_IX,"Monthly – Japan – Consumer Price Index, All items",2019-11,2019-11-01,100.5,100.5,M,JP,PCPI_IX,Monthly,Japan,"Consumer Price Index, All items"
839,monthly,IMF,CPI,Consumer Price Index (CPI),M.JP.PCPI_IX,"Monthly – Japan – Consumer Price Index, All items",2019-12,2019-12-01,100.5,100.5,M,JP,PCPI_IX,Monthly,Japan,"Consumer Price Index, All items"
840,monthly,IMF,CPI,Consumer Price Index (CPI),M.JP.PCPI_IX,"Monthly – Japan – Consumer Price Index, All items",2020-01,2020-01-01,100.5,100.5,M,JP,PCPI_IX,Monthly,Japan,"Consumer Price Index, All items"
841,monthly,IMF,CPI,Consumer Price Index (CPI),M.JP.PCPI_IX,"Monthly – Japan – Consumer Price Index, All items",2020-02,2020-02-01,100.3,100.3,M,JP,PCPI_IX,Monthly,Japan,"Consumer Price Index, All items"
842,monthly,IMF,CPI,Consumer Price Index (CPI),M.JP.PCPI_IX,"Monthly – Japan – Consumer Price Index, All items",2020-03,2020-03-01,100.3,100.3,M,JP,PCPI_IX,Monthly,Japan,"Consumer Price Index, All items"
843,monthly,IMF,CPI,Consumer Price Index (CPI),M.JP.PCPI_IX,"Monthly – Japan – Consumer Price Index, All items",2020-04,2020-04-01,100.2,100.2,M,JP,PCPI_IX,Monthly,Japan,"Consumer Price Index, All items"
844,monthly,IMF,CPI,Consumer Price Index (CPI),M.JP.PCPI_IX,"Monthly – Japan – Consumer Price Index, All items",2020-05,2020-05-01,100.1,100.1,M,JP,PCPI_IX,Monthly,Japan,"Consumer Price Index, All items"
845,monthly,IMF,CPI,Consumer Price Index (CPI),M.JP.PCPI_IX,"Monthly – Japan – Consumer Price Index, All items",2020-06,2020-06-01,99.9,99.9,M,JP,PCPI_IX,Monthly,Japan,"Consumer Price Index, All items"
846,monthly,IMF,CPI,Consumer Price Index (CPI),M.JP.PCPI_IX,"Monthly – Japan – Consumer Price Index, All items",2020-07,2020-07-01,100.0,100.0,M,JP,PCPI_IX,Monthly,Japan,"Consumer Price Index, All items"
847,monthly,IMF,CPI,Consumer Price Index (CPI),M.JP.PCPI_IX,"Monthly – Japan – Consumer Price Index, All items",2020-08,2020-08-01,100.1,100.1,M,JP,PCPI_IX,Monthly,Japan,"Consumer Price Index, All items"
848,monthly,IMF,CPI,Consumer Price Index (CPI),M.JP.PCPI_IX,"Monthly – Japan – Consumer Price Index, All items",2020-09,2020-09-01,99.9,99.9,M,JP,PCPI_IX,Monthly,Japan,"Consumer Price Index, All items"
849,monthly,IMF,CPI,Consumer Price Index (CPI),M.JP.PCPI_IX,"Monthly – Japan – Consumer Price Index, All items",2020-10,2020-10-01,99.8,99.8,M,JP,PCPI_IX,Monthly,Japan,"Consumer Price Index, All items"
850,monthly,IMF,CPI,Consumer Price Index (CPI),M.JP.PCPI_IX,"Monthly – Japan – Consumer Price Index, All items",2020-11,2020-11-01,99.5,99.5,M,JP,PCPI_IX,Monthly,Japan,"Consumer Price Index, All items"
851,monthly,IMF,CPI,Consumer Price Index (CPI),M.JP.PCPI_IX,"Monthly – Japan – Consumer Price Index, All items",2020-12,2020-12-01,99.3,99.3,M,JP,PCPI_IX,Monthly,Japan,"Consumer Price Index, All items"
852,monthly,IMF,CPI,Consumer Price Index (CPI),M.JP.PCPI_IX,"Monthly – Japan – Consumer Price Index, All items",2021-01,2021-01-01,99.8,99.8,M,JP,PCPI_IX,Monthly,Japan,"Consumer Price Index, All items"
853,monthly,IMF,CPI,Consumer Price Index (CPI),M.JP.PCPI_IX,"Monthly – Japan – Consumer Price Index, All items",2021-02,2021-02-01,99.8,99.8,M,JP,PCPI_IX,Monthly,Japan,"Consumer Price Index, All items"
854,monthly,IMF,CPI,Consumer Price Index (CPI),M.JP.PCPI_IX,"Monthly – Japan – Consumer Price Index, All items",2021-03,2021-03-01,99.9,99.9,M,JP,PCPI_IX,Monthly,Japan,"Consumer Price Index, All items"
855,monthly,IMF,CPI,Consumer Price Index (CPI),M.JP.PCPI_IX,"Monthly – Japan – Consumer Price Index, All items",2021-04,2021-04-01,99.1,99.1,M,JP,PCPI_IX,Monthly,Japan,"Consumer Price Index, All items"
856,monthly,IMF,CPI,Consumer Price Index (CPI),M.JP.PCPI_IX,"Monthly – Japan – Consumer Price Index, All items",2021-05,2021-05-01,99.4,99.4,M,JP,PCPI_IX,Monthly,Japan,"Consumer Price Index, All items"
857,monthly,IMF,CPI,Consumer Price Index (CPI),M.JP.PCPI_IX,"Monthly – Japan – Consumer Price Index, All items",2021-06,2021-06-01,99.5,99.5,M,JP,PCPI_IX,Monthly,Japan,"Consumer Price Index, All items"
858,monthly,IMF,CPI,Consumer Price Index (CPI),M.JP.PCPI_IX,"Monthly – Japan – Consumer Price Index, All items",2021-07,2021-07-01,99.7,99.7,M,JP,PCPI_IX,Monthly,Japan,"Consumer Price Index, All items"
859,monthly,IMF,CPI,Consumer Price Index (CPI),M.JP.PCPI_IX,"Monthly – Japan – Consumer Price Index, All items",2021-08,2021-08-01,99.7,99.7,M,JP,PCPI_IX,Monthly,Japan,"Consumer Price Index, All items"
860,monthly,IMF,CPI,Consumer Price Index (CPI),M.JP.PCPI_IX,"Monthly – Japan – Consumer Price Index, All items",2021-09,2021-09-01,100.1,100.1,M,JP,PCPI_IX,Monthly,Japan,"Consumer Price Index, All items"
861,monthly,IMF,CPI,Consumer Price Index (CPI),M.JP.PCPI_IX,"Monthly – Japan – Consumer Price Index, All items",2021-10,2021-10-01,99.9,99.9,M,JP,PCPI_IX,Monthly,Japan,"Consumer Price Index, All items"
862,monthly,IMF,CPI,Consumer Price Index (CPI),M.JP.PCPI_IX,"Monthly – Japan – Consumer Price Index, All items",2021-11,2021-11-01,100.1,100.1,M,JP,PCPI_IX,Monthly,Japan,"Consumer Price Index, All items"
863,monthly,IMF,CPI,Consumer Price Index (CPI),M.JP.PCPI_IX,"Monthly – Japan – Consumer Price Index, All items",2021-12,2021-12-01,100.1,100.1,M,JP,PCPI_IX,Monthly,Japan,"Consumer Price Index, All items"
864,monthly,IMF,CPI,Consumer Price Index (CPI),M.JP.PCPI_IX,"Monthly – Japan – Consumer Price Index, All items",2022-01,2022-01-01,100.3,100.3,M,JP,PCPI_IX,Monthly,Japan,"Consumer Price Index, All items"
865,monthly,IMF,CPI,Consumer Price Index (CPI),M.JP.PCPI_IX,"Monthly – Japan – Consumer Price Index, All items",2022-02,2022-02-01,100.7,100.7,M,JP,PCPI_IX,Monthly,Japan,"Consumer Price Index, All items"
866,monthly,IMF,CPI,Consumer Price Index (CPI),M.JP.PCPI_IX,"Monthly – Japan – Consumer Price Index, All items",2022-03,2022-03-01,101.1,101.1,M,JP,PCPI_IX,Monthly,Japan,"Consumer Price Index, All items"
867,monthly,IMF,CPI,Consumer Price Index (CPI),M.JP.PCPI_IX,"Monthly – Japan – Consumer Price Index, All items",2022-04,2022-04-01,101.5,101.5,M,JP,PCPI_IX,Monthly,Japan,"Consumer Price Index, All items"
868,monthly,IMF,CPI,Consumer Price Index (CPI),M.JP.PCPI_IX,"Monthly – Japan – Consumer Price Index, All items",2022-05,2022-05-01,101.8,101.8,M,JP,PCPI_IX,Monthly,Japan,"Consumer Price Index, All items"
869,monthly,IMF,CPI,Consumer Price Index (CPI),M.JP.PCPI_IX,"Monthly – Japan – Consumer Price Index, All items",2022-06,2022-06-01,101.8,101.8,M,JP,PCPI_IX,Monthly,Japan,"Consumer Price Index, All items"
870,monthly,IMF,CPI,Consumer Price Index (CPI),M.JP.PCPI_IX,"Monthly – Japan – Consumer Price Index, All items",2022-07,2022-07-01,102.3,102.3,M,JP,PCPI_IX,Monthly,Japan,"Consumer Price Index, All items"
871,monthly,IMF,CPI,Consumer Price Index (CPI),M.JP.PCPI_IX,"Monthly – Japan – Consumer Price Index, All items",2022-08,2022-08-01,102.7,102.7,M,JP,PCPI_IX,Monthly,Japan,"Consumer Price Index, All items"
872,monthly,IMF,CPI,Consumer Price Index (CPI),M.JP.PCPI_IX,"Monthly – Japan – Consumer Price Index, All items",2022-09,2022-09-01,103.1,103.1,M,JP,PCPI_IX,Monthly,Japan,"Consumer Price Index, All items"
873,monthly,IMF,CPI,Consumer Price Index (CPI),M.JP.PCPI_IX,"Monthly – Japan – Consumer Price Index, All items",2022-10,2022-10-01,103.7,103.7,M,JP,PCPI_IX,Monthly,Japan,"Consumer Price Index, All items"
874,monthly,IMF,CPI,Consumer Price Index (CPI),M.JP.PCPI_IX,"Monthly – Japan – Consumer Price Index, All items",2022-11,2022-11-01,103.9,103.9,M,JP,PCPI_IX,Monthly,Japan,"Consumer Price Index, All items"
875,monthly,IMF,CPI,Consumer Price Index (CPI),M.JP.PCPI_IX,"Monthly – Japan – Consumer Price Index, All items",2022-12,2022-12-01,104.1,104.1,M,JP,PCPI_IX,Monthly,Japan,"Consumer Price Index, All items"
876,monthly,IMF,CPI,Consumer Price Index (CPI),M.JP.PCPI_IX,"Monthly – Japan – Consumer Price Index, All items",2023-01,2023-01-01,104.7,104.7,M,JP,PCPI_IX,Monthly,Japan,"Consumer Price Index, All items"
877,monthly,IMF,CPI,Consumer Price Index (CPI),M.JP.PCPI_IX,"Monthly – Japan – Consumer Price Index, All items",2023-02,2023-02-01,104.0,104.0,M,JP,PCPI_IX,Monthly,Japan,"Consumer Price Index, All items"
878,monthly,IMF,CPI,Consumer Price Index (CPI),M.JP.PCPI_IX,"Monthly – Japan – Consumer Price Index, All items",2023-03,2023-03-01,104.4,104.4,M,JP,PCPI_IX,Monthly,Japan,"Consumer Price Index, All items"
879,monthly,IMF,CPI,Consumer Price Index (CPI),M.JP.PCPI_IX,"Monthly – Japan – Consumer Price Index, All items",2023-04,2023-04-01,105.1,105.1,M,JP,PCPI_IX,Monthly,Japan,"Consumer Price Index, All items"
880,monthly,IMF,CPI,Consumer Price Index (CPI),M.JP.PCPI_IX,"Monthly – Japan – Consumer Price Index, All items",2023-05,2023-05-01,105.1,105.1,M,JP,PCPI_IX,Monthly,Japan,"Consumer Price Index, All items"
881,monthly,IMF,CPI,Consumer Price Index (CPI),M.JP.PCPI_IX,"Monthly – Japan – Consumer Price Index, All items",2023-06,2023-06-01,105.2,105.2,M,JP,PCPI_IX,Monthly,Japan,"Consumer Price Index, All items"
882,monthly,IMF,CPI,Consumer Price Index (CPI),M.JP.PCPI_IX,"Monthly – Japan – Consumer Price Index, All items",2023-07,2023-07-01,105.7,105.7,M,JP,PCPI_IX,Monthly,Japan,"Consumer Price Index, All items"
883,monthly,IMF,CPI,Consumer Price Index (CPI),M.JP.PCPI_IX,"Monthly – Japan – Consumer Price Index, All items",2023-08,2023-08-01,105.9,105.9,M,JP,PCPI_IX,Monthly,Japan,"Consumer Price Index, All items"
884,monthly,IMF,CPI,Consumer Price Index (CPI),M.JP.PCPI_IX,"Monthly – Japan – Consumer Price Index, All items",2023-09,2023-09-01,106.2,106.2,M,JP,PCPI_IX,Monthly,Japan,"Consumer Price Index, All items"
885,monthly,IMF,CPI,Consumer Price Index (CPI),M.JP.PCPI_IX,"Monthly – Japan – Consumer Price Index, All items",2023-10,2023-10-01,107.1,107.1,M,JP,PCPI_IX,Monthly,Japan,"Consumer Price Index, All items"
886,monthly,IMF,CPI,Consumer Price Index (CPI),M.JP.PCPI_IX,"Monthly – Japan – Consumer Price Index, All items",2023-11,2023-11-01,106.9,106.9,M,JP,PCPI_IX,Monthly,Japan,"Consumer Price Index, All items"
887,monthly,IMF,CPI,Consumer Price Index (CPI),M.JP.PCPI_IX,"Monthly – Japan – Consumer Price Index, All items",2023-12,2023-12-01,106.8,106.8,M,JP,PCPI_IX,Monthly,Japan,"Consumer Price Index, All items"
888,monthly,IMF,CPI,Consumer Price Index (CPI),M.JP.PCPI_IX,"Monthly – Japan – Consumer Price Index, All items",2024-01,2024-01-01,106.9,106.9,M,JP,PCPI_IX,Monthly,Japan,"Consumer Price Index, All items"
889,monthly,IMF,CPI,Consumer Price Index (CPI),M.JP.PCPI_IX,"Monthly – Japan – Consumer Price Index, All items",2024-02,2024-02-01,106.9,106.9,M,JP,PCPI_IX,Monthly,Japan,"Consumer Price Index, All items"
890,monthly,IMF,CPI,Consumer Price Index (CPI),M.JP.PCPI_IX,"Monthly – Japan – Consumer Price Index, All items",2024-03,2024-03-01,107.2,107.2,M,JP,PCPI_IX,Monthly,Japan,"Consumer Price Index, All items"
891,monthly,IMF,CPI,Consumer Price Index (CPI),M.JP.PCPI_IX,"Monthly – Japan – Consumer Price Index, All items",2024-04,2024-04-01,107.7,107.7,M,JP,PCPI_IX,Monthly,Japan,"Consumer Price Index, All items"
892,monthly,IMF,CPI,Consumer Price Index (CPI),M.JP.PCPI_IX,"Monthly – Japan – Consumer Price Index, All items",2024-05,2024-05-01,108.1,108.1,M,JP,PCPI_IX,Monthly,Japan,"Consumer Price Index, All items"
893,monthly,IMF,CPI,Consumer Price Index (CPI),M.JP.PCPI_IX,"Monthly – Japan – Consumer Price Index, All items",2024-06,2024-06-01,108.2,108.2,M,JP,PCPI_IX,Monthly,Japan,"Consumer Price Index, All items"
894,monthly,IMF,CPI,Consumer Price Index (CPI),M.JP.PCPI_IX,"Monthly – Japan – Consumer Price Index, All items",2024-07,2024-07-01,108.6,108.6,M,JP,PCPI_IX,Monthly,Japan,"Consumer Price Index, All items"
895,monthly,IMF,CPI,Consumer Price Index (CPI),M.JP.PCPI_IX,"Monthly – Japan – Consumer Price Index, All items",2024-08,2024-08-01,109.1,109.1,M,JP,PCPI_IX,Monthly,Japan,"Consumer Price Index, All items"
896,monthly,IMF,CPI,Consumer Price Index (CPI),M.JP.PCPI_IX,"Monthly – Japan – Consumer Price Index, All items",2024-09,2024-09-01,108.9,108.9,M,JP,PCPI_IX,Monthly,Japan,"Consumer Price Index, All items"
897,monthly,IMF,CPI,Consumer Price Index (CPI),M.JP.PCPI_IX,"Monthly – Japan – Consumer Price Index, All items",2024-10,2024-10-01,109.5,109.5,M,JP,PCPI_IX,Monthly,Japan,"Consumer Price Index, All items"
898,monthly,IMF,CPI,Consumer Price Index (CPI),M.JP.PCPI_IX,"Monthly – Japan – Consumer Price Index, All items",2024-11,2024-11-01,110.0,110.0,M,JP,PCPI_IX,Monthly,Japan,"Consumer Price Index, All items"
899,monthly,IMF,CPI,Consumer Price Index (CPI),M.JP.PCPI_IX,"Monthly – Japan – Consumer Price Index, All items",2024-12,2024-12-01,110.7,110.7,M,JP,PCPI_IX,Monthly,Japan,"Consumer Price Index, All items"
900,monthly,IMF,CPI,Consumer Price Index (CPI),M.JP.PCPI_IX,"Monthly – Japan – Consumer Price Index, All items",2025-01,2025-01-01,111.2,111.2,M,JP,PCPI_IX,Monthly,Japan,"Consumer Price Index, All items"
901,monthly,IMF,CPI,Consumer Price Index (CPI),M.JP.PCPI_IX,"Monthly – Japan – Consumer Price Index, All items",2025-02,2025-02-01,110.8,110.8,M,JP,PCPI_IX,Monthly,Japan,"Consumer Price Index, All items"
902,monthly,IMF,CPI,Consumer Price Index (CPI),M.JP.PCPI_IX,"Monthly – Japan – Consumer Price Index, All items",2025-03,2025-03-01,111.1,111.1,M,JP,PCPI_IX,Monthly,Japan,"Consumer Price Index, All items"
903,monthly,IMF,CPI,Consumer Price Index (CPI),M.JP.PCPI_IX,"Monthly – Japan – Consumer Price Index, All items",2025-04,2025-04-01,111.5,111.5,M,JP,PCPI_IX,Monthly,Japan,"Consumer Price Index, All items"
904,monthly,IMF,CPI,Consumer Price Index (CPI),M.JP.PCPI_IX,"Monthly – Japan – Consumer Price Index, All items",2025-05,2025-05-01,111.8,111.8,M,JP,PCPI_IX,Monthly,Japan,"Consumer Price Index, All items"
905,monthly,IMF,CPI,Consumer Price Index (CPI),M.JP.PCPI_IX,"Monthly – Japan – Consumer Price Index, All items",2025-06,2025-06-01,111.7,111.7,M,JP,PCPI_IX,Monthly,Japan,"Consumer Price Index, All items"
906,monthly,IMF,CPI,Consumer Price Index (CPI),M.JP.PCPI_IX,"Monthly – Japan – Consumer Price Index, All items",2025-07,2025-07-01,111.9,111.9,M,JP,PCPI_IX,Monthly,Japan,"Consumer Price Index, All items"
